№ ТРАНСАКЦІЇ;ДАТА;КОД ПЛАТНИК;НАЗВА ПЛАТНИКА;МФО ПЛАТНИКА;БАНК ПЛАТНИКА;КОД ОДЕРЖУВАЧ;НАЗВА ОДЕРЖУВАЧ;МФО ОДЕРЖУВАЧ;БАНК ОДЕРЖУВАЧ;СУМА;ПРИЗНАЧЕННЯ ПЛАТЕЖУ
6298674;13.11.2015;2070944;Київський нац.універ-т ім.Т.Шевченка;820019;ГУДКСУ у м.Києві;2070944;Київський нацiональний унiверситетiмен;820019;ГУДКСУ у м.Києві;968024,18;#2201280#,#2282-968024.18#,#утрим.за прожив.за 10.15р.#,#№с-165 вiд 12.11.15#,#стип.студ. #,# без ПДВ#
6881594;20.11.2015;38621185;МОН України;820172;ДКСУ;2070944;Київ.нац.унiв-т iм.Т.Шевченка;820019;ГУДКСУ у м.Києві;920000;#2201040#,#2281#,#Попередня оплата етапу №1 на виконання НТР#,#згiдно договору вiд 30.10.2015 р. № ДЗ/44-2015, ККДБ 25010100#,#без ПДВ#
2926564;13.10.2015;2070944;Київський нац.універ-т ім.Т.Шевченка;820019;ГУДКСУ у м.Києві;2070944;Київський нацiональний унiверситетiмен;820019;ГУДКСУ у м.Києві;883449,51;#2201280#,#2282-883449.51#,#утрим.за прожвив.за 09.15р.#,#№с-136 вiд 12.10.15#,#зi стип.студ. #,# без ПДВ#
6881779;20.11.2015;38621185;МОН України;820172;ДКСУ;2070944;Київ.нац.унiв-т iм.Т.Шевченка;820019;ГУДКСУ у м.Києві;600000;#2201040#,#2281#,#Попередня оплата етапу №1 на виконання НТР#,#згiдно договору вiд 30.10.2015 р. № ДЗ/53-2015, ККДБ 25010100#,#без ПДВ#
3672280;21.10.2015;2070944;Київський нац.універ-т ім.Т.Шевченка;820019;ГУДКСУ у м.Києві;2070944;Київський нацiональний унiверситетiмен;899998;;500760,41;*10102070944КПКВК 2201280 КЕКВ 2282- 500760,41 ПДВ за Вересень 2015 року
10510460;23.12.2015;2070944;Київський нац.універ-т ім.Т.Шевченка;820019;ГУДКСУ у м.Києві;2070944;Київський нацiональний унiверситетiмен;899998;;339691,9;*10102070944КПКВК 2201290 КЕКВ 2281-339691,90 ПДВ за Листопад 2015року
8470342;04.12.2015;26380187;МЦЯБ КНУ ім.Т.Шевченка;820019;ГУДКСУ у м.Києві;2070944;Київський нацiональний унiверситетiмен;820019;ГУДКСУ у м.Києві;302442,21;#2201290#,#2281(2800)-302442.21#,#оплата за вiдшкодування ПДВ за 11.2015 #,#авизо 9 вiд 30.11.15#,#Дог. вiд #,# без ПДВ#
7108181;24.11.2015;2070944;Київський нац.універ-т ім.Т.Шевченка;820019;ГУДКСУ у м.Києві;2070944;Київський нацiональний унiверситетiмен;899998;;252182,36;*10102070944КПКВК 2201280 КЕКВ 2282- 252182,36 ПДВ за Жовтень 2015 року
10507321;23.12.2015;2070944;Київський нац.універ-т ім.Т.Шевченка;820019;ГУДКСУ у м.Києві;2070944;Київський нацiональний унiверситетiмен;899998;;230150,64;*10102070944КПКВК 2201280 КЕКВ 2282- 230150,64 ПДВ за Листопад 2015 року
8562556;07.12.2015;26252928;Держ.фонд фундаметальних досліджень;820019;ГУДКСУ у м.Києві;2070944;Київський нац.унiвер.iм.Т.Шевченка;820019;ГУДКСУ у м.Києві;160000;#2201040#,#2281#,#Попередня оплата етапу НДР#,#зг.дог.Ф69/56-2015 вiд 30.11.2015р.нак.№16 вiд 25.11.15р.#.#Без ПДВ#
7103938;24.11.2015;2070944;Київський нац.універ-т ім.Т.Шевченка;820019;ГУДКСУ у м.Києві;2070944;Київський нацiональний унiверситетiмен;899998;;159897,64;*10102070944КПКВК 2201290 КЕКВ 2281-159897,64 ПДВ за Жовтень 2015року
6760086;19.11.2015;38621185;МОН України;820172;ДКСУ;2070944;Київ.нац.унiв-т iм.Т.Шевченка;820019;ГУДКСУ у м.Києві;150000;#2201040#,#2281#,#Попередня оплата етапу №1 на виконання НДР#,#згiдно договору вiд 18.10.2015 р. №Ф62/94-2015, ККДБ 25010100#,#без ПДВ#
4312301;27.10.2015;36217777;Школа вищого корпусу державної служби;820172;ДКСУ;2070944;Київський нац. унів. ім. Т. Шевченка;820019;ГУДКСУ у м.Києві;135000;#6121020#,#2282#,#підвищення кваліф. за державним замовленням#,#дер. контракт №40/3-1 від 02.10.2015, акт №1 від 22.10.2015, ККДБ 25010100 #,#в т.ч.ПДВ 1485,00#
8559660;07.12.2015;26252928;Держ.фонд фундаметальних досліджень;820019;ГУДКСУ у м.Києві;2070944;Київський нац.унiвер.iм.Т.Шевченка;820019;ГУДКСУ у м.Києві;114000;#2201040#,#2281#,#Ост.попередня оплата етапу НДР#,#зг.дог.Ф64/35-2015 вiд 27.10.2015р.нак.№14 вiд 12.10.15р.ККДБ 25010100#.#Без ПДВ#
8563267;07.12.2015;26252928;Держ.фонд фундаметальних досліджень;820019;ГУДКСУ у м.Києві;2070944;Київський нац.унiвер.iм.Т.Шевченка;820019;ГУДКСУ у м.Києві;114000;#2201040#,#2281#,#Ост.попередня оплата етапу НДР#,#зг.дог.Ф64/28-2015 вiд 27.10.2015р.нак.№14 вiд 12.10.15р.ККДБ 25010100#.#Без ПДВ#
8561154;07.12.2015;26252928;Держ.фонд фундаметальних досліджень;820019;ГУДКСУ у м.Києві;2070944;Київський нац.унiвер.iм.Т.Шевченка;820019;ГУДКСУ у м.Києві;114000;#2201040#,#2281#,#Ост.попередня оплата етапу НДР#,#зг.дог.Ф64/26-2015 вiд 21.10.2015р.нак.№14 вiд 12.10.15р.ККДБ 25010100#.#Без ПДВ#
8561531;07.12.2015;26252928;Держ.фонд фундаметальних досліджень;820019;ГУДКСУ у м.Києві;2070944;Київський нац.унiвер.iм.Т.Шевченка;820019;ГУДКСУ у м.Києві;114000;#2201040#,#2281#,#Ост.попередня оплата етапу НДР#,#зг.дог.Ф64/32-2015 вiд 27.10.2015р.нак.№14 вiд 12.10.15р.ККДБ 25010100#.#Без ПДВ#
8559505;07.12.2015;26252928;Держ.фонд фундаметальних досліджень;820019;ГУДКСУ у м.Києві;2070944;Київський нац.унiвер.iм.Т.Шевченка;820019;ГУДКСУ у м.Києві;114000;#2201040#,#2281#,#Ост.попередня оплата етапу НДР#,#зг.дог.Ф64/38-2015 вiд 27.10.2015р.нак.№14 вiд 12.10.15р.ККДБ 25010100#.#Без ПДВ#
8559421;07.12.2015;26252928;Держ.фонд фундаметальних досліджень;820019;ГУДКСУ у м.Києві;2070944;Київський нац.унiвер.iм.Т.Шевченка;820019;ГУДКСУ у м.Києві;114000;#2201040#,#2281#,#Ост.попередня оплата етапу НДР#,#зг.дог.Ф64/33-2015 вiд 27.10.2015р.нак.№14 вiд 12.10.15р.ККДБ 25010100#.#Без ПДВ#
8560418;07.12.2015;26252928;Держ.фонд фундаметальних досліджень;820019;ГУДКСУ у м.Києві;2070944;Київський нац.унiвер.iм.Т.Шевченка;820019;ГУДКСУ у м.Києві;114000;#2201040#,#2281#,#Ост.попередня оплата етапу НДР#,#зг.дог.Ф64/42-2015 вiд 27.10.2015р.нак.№14 вiд 12.10.15р.ККДБ 25010100#.#Без ПДВ#
8563207;07.12.2015;26252928;Держ.фонд фундаметальних досліджень;820019;ГУДКСУ у м.Києві;2070944;Київський нац.унiвер.iм.Т.Шевченка;820019;ГУДКСУ у м.Києві;114000;#2201040#,#2281#,#Ост.попередня оплата етапу НДР#,#зг.дог.Ф64/14-2015 вiд 16.10.2015р.нак.№14 вiд 12.10.15р.ККДБ 25010100#.#Без ПДВ#
8559480;07.12.2015;26252928;Держ.фонд фундаметальних досліджень;820019;ГУДКСУ у м.Києві;2070944;Київський нац.унiвер.iм.Т.Шевченка;820019;ГУДКСУ у м.Києві;114000;#2201040#,#2281#,#Ост.попередня оплата етапу НДР#,#зг.дог.Ф64/19-2015 вiд 20.10.2015р.нак.№14 вiд 12.10.15р.ККДБ 25010100#.#Без ПДВ#
8564284;07.12.2015;26252928;Держ.фонд фундаметальних досліджень;820019;ГУДКСУ у м.Києві;2070944;Київський нац.унiвер.iм.Т.Шевченка;820019;ГУДКСУ у м.Києві;114000;#2201040#,#2281#,#Ост.попередня оплата етапу НДР#,#зг.дог.Ф64/15-2015 вiд 16.10.2015р.нак.№14 вiд 12.10.15р.ККДБ 25010100#.#Без ПДВ#
8561574;07.12.2015;26252928;Держ.фонд фундаметальних досліджень;820019;ГУДКСУ у м.Києві;2070944;Київський нац.унiвер.iм.Т.Шевченка;820019;ГУДКСУ у м.Києві;113000;#2201040#,#2281#,#Остат.попередня оплата етапу НДР#,#зг.дог.Ф64/51-2015 вiд 28.10.2015р.нак.№15 вiд 13.10.15р.ККДБ 25010100#.#Без ПДВ#
8790743;09.12.2015;2070944;Київський нац.універ-т ім.Т.Шевченка;820019;ГУДКСУ у м.Києві;2070944;Київський нацiональний унiверситетiмен;820019;ГУДКСУ у м.Києві;97895,5;#2201280#,#2282-97895.50#,#утрим.за прожив.зi стип.студ.#,#№с-188 вiд 08.12.15#,#за 11.15 р.#,# без ПДВ#
10780042;24.12.2015;22994521;Військовий інститут КНУ імТ.Г.Шевченка;820019;ГУДКСУ у м.Києві;2070944;КНУ iм. Т. Шевченка;820019;ГУДКСУ у м.Києві;94608;#2101020/01#,#2240#,#94608,00#,#Оплата за тимчасове проживання курсантiв#,#дог.56 вiд 30.11.15р.#,#акт 6/56 вiд 21.11.15р.#,#Без ПДВ#
10774358;24.12.2015;22994521;Військовий інститут КНУ імТ.Г.Шевченка;820019;ГУДКСУ у м.Києві;2070944;КНУ iм. Т. Шевченка;820019;ГУДКСУ у м.Києві;94608;#2101020/01#,#2240#,#94608,00#,#Оплата за тимчасове проживання курсантiв#,#дог.56 вiд 30.11.15р.#,#акт 9/56 вiд 21.11.15р.#,#Без ПДВ#
5176991;02.11.2015;26252928;Держ.фонд фундаметальних досліджень;820019;ГУДКСУ у м.Києві;2070944;Київський нац.унiвер.iм.Т.Шевченка;820019;ГУДКСУ у м.Києві;86000;#2201040#,#2281#,#Част.попередня оплата етапу НДР#,#зг.дог.Ф64/32-2015 вiд 27.10.2015р.нак.№14 вiд 12.10.15р.ККДБ 25010100#.#Без ПДВ#
5177953;02.11.2015;26252928;Держ.фонд фундаметальних досліджень;820019;ГУДКСУ у м.Києві;2070944;Київський нац.унiвер.iм.Т.Шевченка;820019;ГУДКСУ у м.Києві;86000;#2201040#,#2281#,#Част.попередня оплата  етапу НДР#,#зг.дог.Ф64/51-2015 вiд 28.10.2015р.нак.№15 вiд 13.10.15р.ККДБ 25010100#.#Без ПДВ#
5138454;30.10.2015;26252928;Держ.фонд фундаметальних досліджень;820019;ГУДКСУ у м.Києві;2070944;Київський нац.унiвер.iм.Т.Шевченка;820019;ГУДКСУ у м.Києві;86000;#2201040#,#2281#,#Част.попередня оплата етапу НДР#,#зг.дог.Ф64/26-2015 вiд 21.10.2015р.нак.№14 вiд 12.10.15р.ККДБ 25010100#.#Без ПДВ#
4851557;29.10.2015;26252928;Держ.фонд фундаметальних досліджень;820019;ГУДКСУ у м.Києві;2070944;Київський нац.унiвер.iм.Т.Шевченка;820019;ГУДКСУ у м.Києві;86000;#2201040#,#2281#,#Част.попередня оплата етапу НДР#,#зг.дог.Ф64/15-2015 вiд 16.10.2015р.нак.№14 вiд 12.10.15р.ККДБ 25010100#.#Без ПДВ#
4851814;29.10.2015;26252928;Держ.фонд фундаметальних досліджень;820019;ГУДКСУ у м.Києві;2070944;Київський нац.унiвер.iм.Т.Шевченка;820019;ГУДКСУ у м.Києві;86000;#2201040#,#2281#,#Част.попередня оплата етапу НДР#,#зг.дог.Ф64/14-2015 вiд 16.10.2015р.нак.№14 вiд 12.10.15р.ККДБ25010100#.#Без ПДВ#
4855338;29.10.2015;26252928;Держ.фонд фундаметальних досліджень;820019;ГУДКСУ у м.Києві;2070944;Київський нац.унiвер.iм.Т.Шевченка;820019;ГУДКСУ у м.Києві;86000;#2201040#,#2281#,#Част.попередня оплата етапу НДР#,#зг.дог.Ф64/19-2015 вiд 20.10.2015р.нак.№14 вiд 12.10.15р.ККДБ 25010100#.#Без ПДВ#
5178092;02.11.2015;26252928;Держ.фонд фундаметальних досліджень;820019;ГУДКСУ у м.Києві;2070944;Київський нац.унiвер.iм.Т.Шевченка;820019;ГУДКСУ у м.Києві;86000;#2201040#,#2281#,#Част.попередня оплата етапу НДР#,#зг.дог.Ф64/28-2015 вiд 27.10.2015р.нак.№14 вiд 12.10.15р.#.#Без ПДВ#
5178930;02.11.2015;26252928;Держ.фонд фундаметальних досліджень;820019;ГУДКСУ у м.Києві;2070944;Київський нац.унiвер.iм.Т.Шевченка;820019;ГУДКСУ у м.Києві;86000;#2201040#,#2281#,#Част.попередня оплата етапу НДР#,#зг.дог.Ф64/42-2015 вiд 27.10.2015р.нак.№14 вiд 12.10.15р.ККДБ 25010100#.#Без ПДВ#
5177876;02.11.2015;26252928;Держ.фонд фундаметальних досліджень;820019;ГУДКСУ у м.Києві;2070944;Київський нац.унiвер.iм.Т.Шевченка;820019;ГУДКСУ у м.Києві;86000;#2201040#,#2281#,#Част.попередня оплата етапу НДР#,#зг.дог.Ф65/33-2015 вiд 27.10.2015р.нак.№14 вiд 12.10.15р.ККДБ 25010100#.#Без ПДВ#
5178144;02.11.2015;26252928;Держ.фонд фундаметальних досліджень;820019;ГУДКСУ у м.Києві;2070944;Київський нац.унiвер.iм.Т.Шевченка;820019;ГУДКСУ у м.Києві;86000;#2201040#,#2281#,#Част.попередня оплата етапу НДР#,#зг.дог.ф64/35-2015 вiд 27.10.2015р.нак.№14 вiд 12.10.15р.ККДБ 25010100#.#Без ПДВ#
5178476;02.11.2015;26252928;Держ.фонд фундаметальних досліджень;820019;ГУДКСУ у м.Києві;2070944;Київський нац.унiвер.iм.Т.Шевченка;820019;ГУДКСУ у м.Києві;86000;#2201040#,#2281#,#Част попередня оплата етапу НДР#,#зг.дог.Ф64/38-2015 вiд 27.10.2015р.нак.№14 вiд 12.10.15р.ККДБ 25010100#.#Без ПДВ#
9482966;15.12.2015;37470057;УПСЗН Шевченківської РДА;820019;ГУДКСУ у м.Києві;2070944;Київ. нац. унiвер.iм. Тараса Шевченка;820019;ГУДКСУ у м.Києві;82660,97;#2501350#,#2800#,#Компен пiдпр уст орган у меж серед зароб прац призв на вiйськ служб за призов пiд час мобiл на ос пер за жовтень2015#,##,#без ПДВ#
9302788;14.12.2015;22994521;Військовий інститут КНУ імТ.Г.Шевченка;820019;ГУДКСУ у м.Києві;2070944;КНУ iм. Т. Шевченка;820019;ГУДКСУ у м.Києві;80592;#2101020/01#,#2240#,#80592,00#,#Оплата за тимчасове проживання курсантiв#,#дог.56 вiд 30.11.15р.#,#акт 3/56 вiд 08.12.15р.#,#без ПДВ#
9784429;17.12.2015;5417288;Ін-т біохімії ім. О.В.Палладіна НАНУ;820019;ГУДКСУ у м.Києві;2070944;Київський нацiональний унiверситет iм.;820019;ГУДКСУ у м.Києві;80000;#6541030#,#2281#,#80000,00#,#вiдтворення моделi хронiчного соц стресу у щурiв#,#акт 1 вiд 15.12.2015#,#догNФ64/20-С-2015 вiд 16.11.2015 #,#Без ПДВ.#
9781547;17.12.2015;5417093;ін-т фізіології ім.О.О.Богомольця НАНУ;820019;ГУДКСУ у м.Києві;2070944;КНУ iменi Тараса Шевченка;820019;ГУДКСУ у м.Києві;80000;"#6541030##2281##Спл.за  викон.науково-дослiдн.робсинтез нов.хiм.спол.-антагонiс""##зг.ак.39-12 вiд 15.12.15,дог.3-12 вiд 15.12.15##Без ПДВ #"""
2457805;07.10.2015;2070944;Київський нац.універ-т ім.Т.Шевченка;820019;ГУДКСУ у м.Києві;2070944;Київський нацiональний унiверситетiмен;820019;ГУДКСУ у м.Києві;69970,62;#2201280#,#2282-69970.62#,#Перерах.утрим.за прожив.за 08.15р.#,#№заявка №С-131 вiд 05.10.15#,#стип.аспiр.та доктор.#,# без ПДВ#
10508309;23.12.2015;2070944;Київський нац.універ-т ім.Т.Шевченка;820019;ГУДКСУ у м.Києві;2070944;Київський нацiональний унiверситетiмен;820019;ГУДКСУ у м.Києві;69195,9;#2201280#,#2282-69195.90#,#Утрим.за прожив.зi стип.аспiр.та доктор.#,#№заявка№С-206 вiд 22.12.15#,#за 11.15р.#,# без ПДВ#
3990984;23.10.2015;2070944;Київський нац.універ-т ім.Т.Шевченка;820019;ГУДКСУ у м.Києві;2070944;Київський нацiональний унiверситетiмен;820019;ГУДКСУ у м.Києві;68232,1;#2201280#,#2282-68232.10#,#утрим.за проживання зв 09.15р.#,#№заявка №С-153 вiд 22.10.15#,#стип.аспiр.та доктор.#,# без ПДВ#
7278415;25.11.2015;2070944;Київський нац.універ-т ім.Т.Шевченка;820019;ГУДКСУ у м.Києві;2070944;Київський нацiональний унiверситетiмен;820019;ГУДКСУ у м.Києві;65384,96;#2201280#,#2282-65384.96#,#Утрим.за прожив.за 10.15р.#,#№заявка №С-182 вiд 24.11.15#,#стип.аспiр.та доктор. #,# без ПДВ#
10112680;21.12.2015;2070944;КНУ iм.Т.Шевченка;820019;ГУДКСУ у м.Києві;2070944;Київський нацiональний унiверситетiмен;820019;ГУДКСУ у м.Києві;62328,46;#xxxx.46#,#Перекид. зарах.коштiв 15.12.15 компенс.пiдпр.у межах серед.з/п призв.на вiйськ.службу за призов.пiд час мобiл.за жовтень xxxx#,#без ПДВ#
8370142;03.12.2015;38621185;МОН України;820172;ДКСУ;2070944;Київ.нац.унiв-т iм.Т.Шевченка;820019;ГУДКСУ у м.Києві;60000;#2201040#,#2281#,#Попередня оплата етапу №1 на виконання НДР#,#згiдно договору вiд 28.10.2015 р. №Ф61/93-2015, ККДБ 25010100#,#без ПДВ#
6760113;19.11.2015;38621185;МОН України;820172;ДКСУ;2070944;Київ.нац.унiв-т iм.Т.Шевченка;820019;ГУДКСУ у м.Києві;60000;#2201040#,#2281#,#Попередня оплата етапу №1 на виконання НДР#,#згiдно договору вiд 26.10.2015 р. №Ф61/88-2015, ККДБ 25010100#,#без ПДВ#
11126146;25.12.2015;23696843;НАДУ при Президентові України;820019;ГУДКСУ у м.Києві;2070944;КНУ ім.Тараса Шевченко;820019;ГУДКСУ у м.Києві;58267,2;#0301130##2240##Відш витрат за пайов. участ за експлуат витрат.##зг акт#12 від 21.12.15.##дог№Ш2/2015 від 06.11.15.##в.т.ч.ПДВ- 9711.20
7105291;24.11.2015;23696843;НАДУ при Президентові України;820019;ГУДКСУ у м.Києві;2070944;КНУ ім.Тараса Шевченко;820019;ГУДКСУ у м.Києві;58267,2;#0301130##2240## за експлуат витрат.##зг акт 9 від 16.11.15.##дог№Ш2/2015 від 06.11.15.##в.т.ч.ПДВ-9711,20 #
7103922;24.11.2015;23696843;НАДУ при Президентові України;820019;ГУДКСУ у м.Києві;2070944;КНУ ім.Тараса Шевченко;820019;ГУДКСУ у м.Києві;58267,2;#0301130##2240## за експлуат витрат.##зг акт 8 від 16.11.15.##дог№Ш2/2015 від 06.11.15.##в.т.ч.ПДВ-9711,20 #
7105333;24.11.2015;23696843;НАДУ при Президентові України;820019;ГУДКСУ у м.Києві;2070944;КНУ ім.Тараса Шевченко;820019;ГУДКСУ у м.Києві;58267,2;#0301130##2240## за експлуат витрат.##зг 7 акт від 16.11.15.##дог№Ш2/2015 від 06.11.15.##в.т.ч.ПДВ- 9711,20#
7506551;26.11.2015;23696843;НАДУ при Президентові України;820019;ГУДКСУ у м.Києві;2070944;КНУ ім.Тараса Шевченко;820019;ГУДКСУ у м.Києві;58267,2;#0301130##2240##Відш витрат за пайов. участ за експлуат витрат.##зг акт 10  від 20.11.15.##дог№Ш2/2015 від 06.11.15.##в.т.ч.ПДВ- 9711,20#
11127425;25.12.2015;23696843;НАДУ при Президентові України;820019;ГУДКСУ у м.Києві;2070944;КНУ ім.Тараса Шевченко;820019;ГУДКСУ у м.Києві;58267,2;#0301130##2240##Відш витрат за пайов. участ за експлуат витрат.##зг акт#11 від 21.12.15.##дог№Ш2/2015 від 06.11.15.##в.т.ч.ПДВ-9711.20 #
2925419;13.10.2015;37470057;УПСЗН Шевченківської РДА;820019;ГУДКСУ у м.Києві;2070944;Київ. нац. унiвер.iм. Тараса Шевченка;820019;ГУДКСУ у м.Києві;56919;#2501350#,#2800#,#Компен пiдпр уст орган у меж серед зароб прац призв на вiйськ за призов пiд час моб на ос пер за сiчень-серпень2015р.зг.пост№105#,##,#без ПДВ#
4541591;28.10.2015;2136554;КУ ім.Б.Грінченка;820019;ГУДКСУ у м.Києві;2070944;КНУ імені Тараса Шевченка;820019;ГУДКСУ у м.Києві;56400;#070701#,#2282-56400,00#,#Опл за посл за харчув учасн учнів олімпіади#,#зг акт 4642 від 27.10.2015р Дог 296 від 27.10.2015р#,#в тч ПДВ 9400,00#
3676144;21.10.2015;22994521;Військовий інститут КНУ імТ.Г.Шевченка;820019;ГУДКСУ у м.Києві;2070944;КНУ iм. Т. Шевченка;820019;ГУДКСУ у м.Києві;50516;#2101020/01#,#2240#,#50516,00#,#Оплата за тимчасове проживання курсантiв#,#дог.36 вiд 30.09.15р.#,#акт 3/36 вiд 19.10.15р.#,#без ПДВ#
10154014;22.12.2015;5416952;ІФН НАНУ;820019;ГУДКСУ у м.Києві;2070944;КНУ iм.Тараса Шевченка.;820019;ГУДКСУ у м.Києві;48000;#6541030#,#2281-48000,00#,#За НДР#,#зг.акт.1 вiд 17.12.15.та дог.105/48-15 вiд 09.11.15. #,#без ПДВ#
11676688;29.12.2015;19413;Комітет з держ.премій Укр.в гал.наук;820019;ГУДКСУ у м.Києві;2070944;Київ. нац. унiв. Т. Шевченка;820019;ГУДКСУ у м.Києві;47786;#2201080#,#2730#,#Стипен КМУ за трав.-верес.-5чол., жовт.-груд.- 4 чол.#,#Наказ Комiтету №22 вiд 25.12.2015р.#,#Постанова КМУ вiд 27.08.08 №757#
8791581;09.12.2015;2070944;Київський нац.універ-т ім.Т.Шевченка;820019;ГУДКСУ у м.Києві;2070944;Київський нацiональний унiверситетiмен;820019;ГУДКСУ у м.Києві;47322,68;#2201280#,#2282-47322.68#,# вiдшкод. за електроенергiю 11.15р.#,#с-188 вiд 08.12.15#,#стип.студ#,# без ПДВ #
9302276;14.12.2015;22994521;Військовий інститут КНУ імТ.Г.Шевченка;820019;ГУДКСУ у м.Києві;2070944;КНУ iм. Т. Шевченка;820019;ГУДКСУ у м.Києві;43449,6;#2101020/01#,#2240#,#43449,60#,#Оплата за тимчасове проживання курсантiв#,#дог.56 вiд 30.11.15р.#,#акт 1/56 вiд 08.12.15р.#,#без ПДВ#
3671676;21.10.2015;22994521;Військовий інститут КНУ імТ.Г.Шевченка;820019;ГУДКСУ у м.Києві;2070944;КНУ iм. Т. Шевченка;820019;ГУДКСУ у м.Києві;42247,44;#2101020/01#,#2240#,#42247,44#,#Оплата за тимчасове проживання слухачiв курсiв пере-ки#,#дог.36 вiд 30.09.15р.#,#акт 2/36 вiд 19.10.15р.#,#В т.ч. ПДВ-7041,24#
6438812;16.11.2015;22994521;Військовий інститут КНУ імТ.Г.Шевченка;820019;ГУДКСУ у м.Києві;2070944;КНУ iм. Т. Шевченка;820019;ГУДКСУ у м.Києві;40308;#2101020/01#,#2240#,#40308,00#,#Оплата за тимчасове проживання слухачiв курсiв пере-ки#,#дог.36 вiд 30.09.15р.#,#акт 6/36 вiд 11.11.15р.#,#В т.ч. ПДВ-6718,00#
6757437;19.11.2015;5417124;ІТФ НАН України;820019;ГУДКСУ у м.Києві;2070944;КНУ iм. Т. Шевченка МОН України;820019;ГУДКСУ у м.Києві;40000;#6541030#,#2281-40000,00#,#Проплата авансу за I ет.викон. науково-досл.роб.#,#Зг.дог.№130 вiд 18.11.15р.р.#,#без ПДВ#
10109781;21.12.2015;5417124;ІТФ НАН України;820019;ГУДКСУ у м.Києві;2070944;КНУ iм. Т. Шевченка МОН України;820019;ГУДКСУ у м.Києві;40000;#6541030#,#2281#,#Опл. науково-технiчної роботи#,#Зг.дог.№130 вiд 18.11.15р.#,#Акт№1 вiд 17.12.15р.#,#без.ПДВ#
10109559;21.12.2015;5416952;ІФН НАНУ;820019;ГУДКСУ у м.Києві;2070944;КНУ iм.Тараса Шевченка.;820019;ГУДКСУ у м.Києві;40000;#6541030#,#2281-40000,00#,#За НТР#,#зг.акт.1 вiд 16.12.15.та дог.114/17 вiд 16.11.15.#,#без ПДВ#
6644736;18.11.2015;5416952;ІФН НАНУ;820019;ГУДКСУ у м.Києві;2070944;КНУ iм.Тараса Шевченка.;820019;ГУДКСУ у м.Києві;40000;#6541030#,#2281-40000,00#,#Попередня оплата за НДР#,#зг.доп.зап.б/н вiд 16.11.15.та дог.114/17-2015 вiд 16.11.15.#,#без ПДВ#
6299162;13.11.2015;2070944;Київський нац.універ-т ім.Т.Шевченка;820019;ГУДКСУ у м.Києві;2070944;Київський нацiональний унiверситетiмен;820019;ГУДКСУ у м.Києві;39575,85;#2201280#,#2282-39575.85#,#вiдшкод.за електроергiю за 10.15р.#,#№с-165 вiд 12.11.15#,#стип.студ.#,# без ПДВ#
6759605;19.11.2015;38621185;МОН України;820172;ДКСУ;2070944;КНУ iм.Т.Шевченка;820019;ГУДКСУ у м.Києві;39400;#2201380#,#2281#,#Попередня оплата етапу №1 на вик. НДР#,#зг.дог.06.11.15 №М/189-2015, ККДБ 25010100#,#без ПДВ#
3674084;21.10.2015;2070944;КНУ iм.Т.Шевченка;820019;ГУДКСУ у м.Києві;2070944;Київський нацiональний унiверситетiмен;820019;ГУДКСУ у м.Києві;38016,8;#xxxx.80#,#Перекид. зарах.коштiв 13.10.15 компенс.пiдпр.у межах серед.з/п призв.на вiйськ.службу за призов.пiд час мобiл.за сiчень-серпень xxxx#,#без ПДВ#
10111376;21.12.2015;37470057;УПСЗН Шевченківської РДА;820019;ГУДКСУ у м.Києві;2070944;Київ. нац. унiвер.iм. Тараса Шевченка;820019;ГУДКСУ у м.Києві;34795,7;# 2501200 #, # 2730 #, # Вiдшкодування з держбюджету компенсацiї потерпiлим внаслiдок Чорноб. катастрофи за грудень 2015р. #, ##, ##
11193206;28.12.2015;2070944;Київський нац.універ-т ім.Т.Шевченка;820019;ГУДКСУ у м.Києві;2070944;Київський нацiональний унiверситетiмен;820019;ГУДКСУ у м.Києві;34540;#2201280#,#2282-34540#,# Перерах.утрим. iз з-ти за проживання i комунальнi послуги за 11.15р. спiвроб.КНУ #,# без ПДВ #
3675231;21.10.2015;2070944;Київський нац.універ-т ім.Т.Шевченка;820019;ГУДКСУ у м.Києві;2070944;Київський нацiональний унiверситетiмен;899998;;34077,1;*10102070944КПКВК 2201290 КЕКВ 2281-34077,10 ПДВ за Вересень 2015року
11130586;25.12.2015;23696843;НАДУ при Президентові України;820019;ГУДКСУ у м.Києві;2070944;КНУ ім.Тараса Шевченко;820019;ГУДКСУ у м.Києві;32951,57;#0301130##2271##Відш витрат за пайов. участ за  теплова енергія##зг акт№12 від 21.12.15.##дог№Ш2/2015 від 06.11.15.##в.т.ч.ПДВ-5491,93 #
6070934;12.11.2015;5416952;ІФН НАНУ;820019;ГУДКСУ у м.Києві;2070944;КНУ iм.Тараса Шевченка.;820019;ГУДКСУ у м.Києві;32000;#6541030#,#2281-32000,00#,#попередння оплата НДР#,#зг.доп.зап.б/н вiд 09.11.15.та дог.105/48-15 вiд 09.11.15.#,#без ПДВ#
2924410;13.10.2015;2070944;Київський нац.універ-т ім.Т.Шевченка;820019;ГУДКСУ у м.Києві;2070944;Київський нацiональний унiверситетiмен;820019;ГУДКСУ у м.Києві;31644,67;#2201280#,#2282-31644.67#,# вiдшкод. за електроенергiю 09.15р.#,#№ 1521 вiд 12.10.15#,#стип.студ#,# без ПДВ #
6433834;16.11.2015;22994521;Військовий інститут КНУ імТ.Г.Шевченка;820019;ГУДКСУ у м.Києві;2070944;КНУ iм. Т. Шевченка;820019;ГУДКСУ у м.Києві;29258,4;#2101020/01#,#2240#,#29258,40#,#Оплата за тимчасове проживання курсантiв#,#дог.36 вiд 30.09.15р.#,#акт 4/36 вiд 11.11.15р.#,#без ПДВ#
8153054;30.11.2015;2070944;Київський нац.універ-т ім.Т.Шевченка;820019;ГУДКСУ у м.Києві;2070944;Київський нацiональний унiверситетiмен;820019;ГУДКСУ у м.Києві;26830;#2201280#,#2282-26830#,# Перерах.утрим. iз з-ти за проживання i комунальнi послуги за 10.15р. спiвроб.КНУ #,# без ПДВ #
5140857;30.10.2015;2070944;Київський нац.універ-т ім.Т.Шевченка;820019;ГУДКСУ у м.Києві;2070944;Київський нацiональний унiверситетiмен;820019;ГУДКСУ у м.Києві;26548;#2201280#,#2282-26548#,# Перерах.утрим. iз з-ти за проживання i комунальнi послуги за 09.15р. спiвроб.КНУ #,# без ПДВ #
5459601;05.11.2015;23696843;НАДУ при Президентові України;820019;ГУДКСУ у м.Києві;2070944;КНУ ім.Тараса Шевченко;820019;ГУДКСУ у м.Києві;26331,8;# 0301130##2240##За  послуги  з органі харчув семінар за рахунок проект швец-україн ##Зг.акт  від 04.11.15.## дог №281015-1 від 28.10.15.## в.т.ч. ПДВ 4388,63#
8370208;03.12.2015;38621185;МОН України;820172;ДКСУ;2070944;КНУ iм.Т.Шевченка;820019;ГУДКСУ у м.Києві;26000;#2201380#,#2281#,#Попередня оплата етапу №1 на вик. НДР#,#зг.дог.30.10.15 №М/182-2015, ККДБ 25010100#,#без ПДВ#
6440926;16.11.2015;38621185;МОН України;820172;ДКСУ;2070944;КНУ iм.Т.Шевченка;820019;ГУДКСУ у м.Києві;26000;#2201380#,#2281#,#Попередня оплата етапу №1 на вик. НДР#,#зг.дог.30.10.15 №М/181-2015, ККДБ 25010100#,#без ПДВ#
6305866;13.11.2015;37470057;УПСЗН Шевченківської РДА;820019;ГУДКСУ у м.Києві;2070944;Київ. нац. унiвер.iм. Тараса Шевченка;820019;ГУДКСУ у м.Києві;21399,6;#2501350#,#2800#,#Компен пiдпр уст орган у меж серед зароб прац призв на вiйськ за призов пiд час моб на ос пер за сiчень-вересень2015 зг.пост№105#,##,#без ПДВ#
6076387;12.11.2015;36217777;Школа вищого корпусу державної служби;820172;ДКСУ;2070944;Київський нац. унів. ім. Т. Шевченка;820019;ГУДКСУ у м.Києві;21161,25;#6121020#,#2282#,#підвищення кваліф. за державним замовленням#,#дер. контракт №37 від 04.09.15, акт № 3 від 04.11.2015, ККДБ 25010100 #,#в т.ч.ПДВ 297,00#
4312847;27.10.2015;36217777;Школа вищого корпусу державної служби;820172;ДКСУ;2070944;Київський нац. унів. ім. Т. Шевченка;820019;ГУДКСУ у м.Києві;21161,25;#6121020#,#2282#,#підвищення кваліф. за державним замовленням#,#дер. контракт №37 від 04.09.15, акт № 2 від 22.10.2015, ККДБ 25010100 #,#в т.ч.ПДВ 297,00#
10111812;21.12.2015;2070944;КНУ iм.Т.Шевченка;820019;ГУДКСУ у м.Києві;2070944;Київський нацiональний унiверситетiмен;820019;ГУДКСУ у м.Києві;20332,51;#xxxx.51#,#Перекид. зарах.коштiв 15.12.15 компенс.пiдпр.у межах серед.з/п призв.на вiйськ.службу за призов.пiд час мобiл.за жовтень xxxx#,#без ПДВ#
4307897;27.10.2015;21574751;НАНЦ;820019;ГУДКСУ у м.Києві;2070944;"ННЦ""Iнстит. бiолог."" КНУ iм.Т.Шевченка";820019;ГУДКСУ у м.Києві;20000;#2201410##2281##попередня оплата за науково-технiчнi роботи згiдно договору Н/12-2015 вiд 23.10.2015##без ПДВ#
5801747;10.11.2015;21574751;НАНЦ;820019;ГУДКСУ у м.Києві;2070944;Київ. нац. унiв. iм.Т.Шевченка;820019;ГУДКСУ у м.Києві;20000;#2201410##2281##попередня оплата за науково-технiчнi роботи згiдно договору Н/16-2015 вiд 04.11.2015##без ПДВ#
4539443;28.10.2015;2136554;КУ ім.Б.Грінченка;820019;ГУДКСУ у м.Києві;2070944;КНУ імені Тараса Шевченка;820019;ГУДКСУ у м.Києві;18800;#070701#,#2282-18800,00#,#Опл за посл за прожив учасн учнів олімпіади#,#зг акт 29 від 27.10.2015р Дог 296 від 27.10.2015р#,#в тч ПДВ 1850,00#
9962917;18.12.2015;37508470;ДМС;820172;ДКСУ;2070944;КНУ ім.Т.Шевченка;820019;ГУДКСУ у м.Києві;18000;#1004010#,#2282#,#послуги з навчання у період з 28.10.15 по 16.12.15 (15 держ.службовців)#,#Дог.№53, 26.10.15, Акт б/н,17.12.15 ККДБ 25010100#,# без ПДВ#
11117175;25.12.2015;23696843;НАДУ при Президентові України;820019;ГУДКСУ у м.Києві;2070944;КНУ ім.Тараса Шевченко;820019;ГУДКСУ у м.Києві;17268,98;#0301130##2271##Відш витрат за пайов. участ за  теплова енергія##зг акт№11 від 21.12.15.##дог№Ш2/2015 від 06.11.15.##в.т.ч.ПДВ-2878,16 #
6050015;12.11.2015;14163438;Хм.університет управління та права;815013;ГУДКСУ у Хмельницькiй областi;2070944;КНУ імені Тараса Шевченка;820019;ГУДКСУ у м.Києві;16500;#xxxx#,#xxxx-xxxx,00#,#Оп.за під.зд.наук.ст.док.наук КостяшкінаI.О.#xxxx-xxxx,00#,#сумаПДВ#,#акт№б/н в09.11.15,д№41в09.04.13,д.уг№3в09.11.15#,#ВтчПДВxxxx,00#
6434066;16.11.2015;22994521;Військовий інститут КНУ імТ.Г.Шевченка;820019;ГУДКСУ у м.Києві;2070944;КНУ iм. Т. Шевченка;820019;ГУДКСУ у м.Києві;15120;#2101020/01#,#2240#,#15120,00#,#Оплата за тимчасове проживання слухачiв курсiв пере-ки#,#дог.36 вiд 30.09.15р.#,#акт 5/36 вiд 11.11.15р.#,#В т.ч. ПДВ-2520,00#
7876079;27.11.2015;37470057;УПСЗН Шевченківської РДА;820019;ГУДКСУ у м.Києві;2070944;Київ. нац. унiвер.iм. Тараса Шевченка;820019;ГУДКСУ у м.Києві;15035,01;# 2501200 #, # 2730 #, # Вiдшкодування з держбюджету компенсацiї потерпiлим внаслiдок Чорноб. катастрофи за вересень-жовтень 2015р. #, ##, ##
8937986;10.12.2015;37508470;ДМС;820172;ДКСУ;2070944;КНУ ім.Т.Шевченка;820019;ГУДКСУ у м.Києві;14250;#1004010#,#2282#,#посл.з підвищ.кваліфікац.(15 держ.службовців) у пер.з 10.09.15 по 30.11.15#,#Дог.№46,10.09.15, Акт б/н,07.12.15ККДБ 25010100#,# без ПДВ#
6879661;20.11.2015;2070944;КНУ iм.Т.Шевченка;820019;ГУДКСУ у м.Києві;2070944;Київський нацiональний унiверситетiмен;820019;ГУДКСУ у м.Києві;14240,16;#xxxx.16#,#Перекид. зарах.коштiв 13.11.15 компенс.пiдпр.у межах серед.з/п призв.на вiйськ.службу за призов.пiд час мобiл.за сiчень-вересень xxxx#,#без ПДВ#
11121386;25.12.2015;37768863;ГУ ДМС України в м. Києві;820019;ГУДКСУ у м.Києві;2070944;КНУ ім Т.Шевченка;820019;ГУДКСУ у м.Києві;14240;#1004020#,#2282#,#Оплата за надання послуг з підвищення кваліфікації держслужбовців#,# зг.Договора № 43 від 02.12.2015 зг. акта №1 від 23.12.2015#,#без ПДВ#
9303423;14.12.2015;19442;ГФД СКМУ;820172;ДКСУ;2070944;Київс.нац.унів-т ім.Т.Г.Шевченка;820019;ГУДКСУ у м.Києві;13851,6;#0411010#,#2282#,#ККДБ 25010100,за посл.з підвищ.кваліф.прац.СКМУ у сфері європ.інтеграц.#,#зг.д.24-25/ЗП 18  27.04.15р,р.ф.3640,акту 02  11.12.15р.#,#Без ПДВ#
10782378;24.12.2015;22994521;Військовий інститут КНУ імТ.Г.Шевченка;820019;ГУДКСУ у м.Києві;2070944;КНУ iм. Т. Шевченка;820019;ГУДКСУ у м.Києві;12960;#2101020/01#,#2240#,#12960,00#,#Оплата за тимчасове проживання слухачiв курсiв пере-ки#,#дог.56 вiд 30.11.15р.#,#акт 7/56 вiд 21.11.15р.#,#В т.ч. ПДВ-2160,00#
9295739;14.12.2015;22994521;Військовий інститут КНУ імТ.Г.Шевченка;820019;ГУДКСУ у м.Києві;2070944;КНУ iм. Т. Шевченка;820019;ГУДКСУ у м.Києві;12960;#2101020/01#,#2240#,#12960,00#,#Оплата за тимчасове проживання слухачiв курсiв пере-ки#,#дог.56 вiд 30.11.15р.#,#акт 4/56 вiд 08.12.15р.#,#В т.ч. ПДВ-2160,00#
6436983;16.11.2015;22994521;Військовий інститут КНУ імТ.Г.Шевченка;820019;ГУДКСУ у м.Києві;2070944;КНУ iм. Т. Шевченка;820019;ГУДКСУ у м.Києві;12785,4;#2101020/01#,#2240#,#12785,40#,#Частк.опл. за тимч. проживання слухачiв курсiв пере-ки#,#дог.36 вiд 30.09.15р.#,#акт 1/36 вiд 19.10.15р.#,#В т.ч. ПДВ-2130,90#
3673572;21.10.2015;22994521;Військовий інститут КНУ імТ.Г.Шевченка;820019;ГУДКСУ у м.Києві;2070944;КНУ iм. Т. Шевченка;820019;ГУДКСУ у м.Києві;12191,22;#2101020/01#,#2240#,#12191,22#,#Оплата за тимчасове проживання слухачiв курсiв пере-ки#,#дог.3 вiд 17.03.15р.#,#акт 19/3 вiд 19.10.15р.#,#В т.ч. ПДВ-2031,87#
3544203;20.10.2015;14323600;В/ч 2260;820019;ГУДКСУ у м.Києві;2070944;Київський Національний університет іме;820019;ГУДКСУ у м.Києві;12000;#1003020#,#2730#,#Оплата без. над. кв.за 08.15р.#, #дог.№35/П-15 від 20.07.15р. акт№02 від 13.10.15р.#,#В.т.ч.ПДВ-2000,00#
3542347;20.10.2015;14323600;В/ч 2260;820019;ГУДКСУ у м.Києві;2070944;Київський Національний університет іме;820019;ГУДКСУ у м.Києві;12000;#1003020#,#2730#,#Оплата без. над. кв.за 09.15р.#, #дог.№35/П-15 від 20.07.15р. акт№03 від 15.10.15р.#,#В.т.ч.ПДВ-2000,00#
3414089;19.10.2015;37508470;ДМС;820172;ДКСУ;2070944;КНУ ім.Т.Шевченка;820019;ГУДКСУ у м.Києві;10790;"#1004010#,#2282#,#посл.з навчання(05-10.10.15)за напрямМіграц.процеси в Укрі""(13 держ.службовц)#,#Дог.49,01.10.15,Акт б/н,15.10.15 ККДБ 25010100#,#без ПДВ#"""
7248381;25.11.2015;210217;Інститут монокристалів НАН України;851011;ГУДКСУ у Харківській області;2070944;КНУ iменi Тараса Шевченка;820019;ГУДКСУ у м.Києві;10000;#6541030#,#2281#,#за виготовлення експеримент.зразкiв #,#зг.дог.№15Н052-16вiд 15.09.2015р.,акт №1 вiд 20.11.15р.пр.зд.вик.НТП#,#в.т.ч.ПДВ-1666,67#
7106650;24.11.2015;5417288;Ін-т біохімії ім. О.В.Палладіна НАНУ;820019;ГУДКСУ у м.Києві;2070944;Київський нацiональний унiверситет iм.;820019;ГУДКСУ у м.Києві;10000;#6541030#,#2281#,#10000,00#,#аналiз впливу калiкс[4]арену С-145 на ендотелiоцити#,#акт 1 вiд 20.11.2015#,#догN20-С-2015 вiд 01.07.2015 #,#Без ПДВ.#
8935178;10.12.2015;35310861;"ДУ ""ІГРМ НАМН""";820019;ГУДКСУ у м.Києві;2070944;КНУ iменi Тараса Шевченка;820019;ГУДКСУ у м.Києві;10000;#6561040#,#2281#,#Пл.за наук-дослiдн.роботи (II етапу)#,# дог.№15ДФ036-01 вiд 28.04.2015р.акт №2-ДФ вiд 09.12.2015р.#без ПДВ#
3676211;21.10.2015;2070944;КНУ iм.Т.Шевченка;820019;ГУДКСУ у м.Києві;2070944;Київський нацiональний унiверситетiмен;820019;ГУДКСУ у м.Києві;9265,04;#xxxx.04#,#Перекид. зарах.коштiв 13.10.15 компенс.пiдпр.у межах серед.з/п призв.на вiйськ.службу за призов.пiд час мобiл.за сiчень-серпень xxxx#,#без ПДВ#
3671747;21.10.2015;22994521;Військовий інститут КНУ імТ.Г.Шевченка;820019;ГУДКСУ у м.Києві;2070944;КНУ iм. Т. Шевченка;820019;ГУДКСУ у м.Києві;9174,6;#2101020/01#,#2240#,#9174,60#,#Част.опл. за тимчасове проживання слухачiв курсiв пере-ки#,#дог.36 вiд 30.09.15р.#,#акт 1/36вiд 19.10.15р.#,#В т.ч. ПДВ-1529,10#
5145963;30.10.2015;2070944;Київський нац.універ-т ім.Т.Шевченка;820019;ГУДКСУ у м.Києві;2070944;Київський нацiональний унiверситетiмен;820019;ГУДКСУ у м.Києві;8905,77;#2201280#,#2282-8905.77#,# перерах.безпроцентна позика утрим. iз з-ти за 2 пол. 10.15р. спiвроб.КНУ #,# без ПДВ #
10110590;21.12.2015;37470057;УПСЗН Шевченківської РДА;820019;ГУДКСУ у м.Києві;2070944;Київ. нац. унiвер.iм. Тараса Шевченка;820019;ГУДКСУ у м.Києві;8554,84;# 2501200 #, # 2730 #, # Вiдшкодування з держбюджету компенсацiї потерпiлим внаслiдок Чорноб. катастрофи за грудень 2015р. #, ##, ##
3672856;21.10.2015;2070944;КНУ iм.Т.Шевченка;820019;ГУДКСУ у м.Києві;2070944;Київський нацiональний унiверситетiмен;820019;ГУДКСУ у м.Києві;7824,11;#xxxx.11#,#Перекид. зарах.коштiв 13.10.15 компенс.пiдпр.у межах серед.з/п призв.на вiйськ.службу за призов.пiд час мобiл.за сiчень-серпень xxxx#,#без ПДВ#
6301885;13.11.2015;21707620;ІВО НАПН України;820019;ГУДКСУ у м.Києві;2070944;КНУ iм. Т. Шевченка;820019;ГУДКСУ у м.Києві;7800;#6551030#,#2281#,#Опл за  посл харчування учасникiв IV мiж нар. Науково-практичн. конференц#,# угода №030/149 вiд 09.11.15, акт № 1 вiд 10.11.15#,# ПДВ-1300.00#
8160557;30.11.2015;2070944;Київський нац.універ-т ім.Т.Шевченка;820019;ГУДКСУ у м.Києві;2070944;Київський нацiональний унiверситетiмен;820019;ГУДКСУ у м.Києві;7196,23;#2201280#,#2282-7196.23#,# перерах.безпроцентна позика утрим. iз з-ти за 2 пол. 11.15р. спiвроб.КНУ #,# без ПДВ #
7867632;27.11.2015;37470057;УПСЗН Шевченківської РДА;820019;ГУДКСУ у м.Києві;2070944;Київ. нац. унiвер.iм. Тараса Шевченка;820019;ГУДКСУ у м.Києві;7140;# 2501200 #, # 2730 #, # Вiдшкодування з держбюджету компенсацiї потерпiлим внаслiдок Чорноб. катастрофи за листопад 2015р. #, ##, ##
11203507;28.12.2015;2070944;Київський нац.універ-т ім.Т.Шевченка;820019;ГУДКСУ у м.Києві;2070944;Київський нацiональний унiверситетiмен;820019;ГУДКСУ у м.Києві;7047,94;#2201280#,#2282-7047.94#,# перерах.безпроцентна позика утрим. iз з-ти за 2 пол. 12.15р. спiвроб.КНУ #,# без ПДВ #
10785501;24.12.2015;22994521;Військовий інститут КНУ імТ.Г.Шевченка;820019;ГУДКСУ у м.Києві;2070944;КНУ iм. Т. Шевченка;820019;ГУДКСУ у м.Києві;6677,53;#2101020/01#,#2240#,#6677,53#,#Оплата за тимчасове проживання слухачiв курсiв пере-ки#,#дог.56 вiд 30.11.15р.#,#акт 10/56 вiд 21.11.15р.#,#В т.ч. ПДВ-1112,92#
7511325;26.11.2015;23696843;НАДУ при Президентові України;820019;ГУДКСУ у м.Києві;2070944;КНУ ім.Тараса Шевченко;820019;ГУДКСУ у м.Києві;6591,77;#0301130##2271##Відш витрат за пайов. участ за  теплова енергія##зг акт  10 від 20.111.15.##дог№Ш2/2015 від 06.11.15.##в.т.ч.ПДВ- 1098,63#
11205592;28.12.2015;36217777;Школа вищого корпусу державної служби;820172;ДКСУ;2070944;Київський нац. унів. ім. Т. Шевченка;820019;ГУДКСУ у м.Києві;6284,22;#6121020#,#2282#,#підвищ.кваліф. за держзамовл.#,#дер. контракт №37 від 04.09.15,дод. уг. № 1/58 від 21.12.15,акт № 4 від 22.12.15, ККДБ 25010100 #,#без.ПДВ#
8279181;02.12.2015;38831595;"ДУ ""ІС МОЗ УКРАЇНИ""";820019;ГУДКСУ у м.Києві;2070944;Київський національний університет ім.;820019;ГУДКСУ у м.Києві;6000;"#2301170/03#,#230#,#2282#,#заорг.та пров.навч.зкурсуРад.безп.при здійс.окр.вид.діял.в сфері викор.ядер.ен.(з вид.пос.)#,#зг.дог.№105рвід20.11.15акт№1від01.12.1"""
10113967;21.12.2015;5416930;Ін-т ІПМ ім.І.М.Францевича НАН України;820019;ГУДКСУ у м.Києві;2070944;Київ.нац.унiв-т iм.Т.Шевченка;820019;ГУДКСУ у м.Києві;6000;"#6541030#,#2281#,#навч.з курсу Радiац.безп.при здiйсн.окрем.видiв дiяльн.в сферi викор.ядер.енергiї""#,#дог.118 вiд 12.12.15р.,акт 118 вiд 14.12.15р.#,#без ПДВ#"""
10775418;24.12.2015;22994521;Військовий інститут КНУ імТ.Г.Шевченка;820019;ГУДКСУ у м.Києві;2070944;КНУ iм. Т. Шевченка;820019;ГУДКСУ у м.Києві;5988;#2101020/01#,#2240#,#5988#,#Оплата за тимчасове проживання слухачiв курсiв пере-ки#,#дог.56 вiд 30.11.15р.#,#акт 5/56 вiд 21.11.15р.#,#В т.ч. ПДВ-998,00#
10779732;24.12.2015;22994521;Військовий інститут КНУ імТ.Г.Шевченка;820019;ГУДКСУ у м.Києві;2070944;КНУ iм. Т. Шевченка;820019;ГУДКСУ у м.Києві;5701,92;#2101020/01#,#2240#,#5701,92#,#Оплата за тимчасове проживання слухачiв курсiв пере-ки#,#дог.56 вiд 30.11.15р.#,#акт 8/56 вiд 21.11.15р.#,#В т.ч. ПДВ-950,32#
2362699;06.10.2015;26380187;МЦЯБ КНУ ім.Т.Шевченка;820019;ГУДКСУ у м.Києві;2070944;Київський нацiональний унiверситетiмен;820019;ГУДКСУ у м.Києві;5575;#2201290#,#2281(2800)-5575.00#,#вiдшкодування ПДВ за вересень 2015 #,#авiзо 7 вiд 30.09.15#,#Дог. вiд #,# без ПДВ#
6990601;23.11.2015;37470057;УПСЗН Шевченківської РДА;820019;ГУДКСУ у м.Києві;2070944;Київ. нац. унiвер.iм. Тараса Шевченка;820019;ГУДКСУ у м.Києві;5560,65;# 2501200 #, # 2730 #, # Вiдшкодування з держбюджету компенсацiї потерпiлим внаслiдок Чорноб. катастрофи за жовтень 2015р. #, ##, ##
8217296;01.12.2015;2070944;Київський нац.універ-т ім.Т.Шевченка;820019;ГУДКСУ у м.Києві;2070944;Київський нацiональний унiверситетiмен;820019;ГУДКСУ у м.Києві;5539,67;#2201280#,#2282-5539.67#,#за направленням на особ.рах#,#згiдно реєстру авансових звiтiв№В-55 вiд 27.11.15#,# без ПДВ#
5580578;06.11.2015;21721086;Держатомрегулювання України;820172;ДКСУ;2070944;Київський нац. унiвер. iм. Т. Шевченка;820019;ГУДКСУ у м.Києві;5500;#5271010#,#2282#,#ч/опл.посл.підвищ.кваліфік навчання з курсу радіац.безпеки дог.87р від 15.10.15,акт1 від 26.10.15,ККДБ 25010100#,#Без ПДВ#
7104589;24.11.2015;23696843;НАДУ при Президентові України;820019;ГУДКСУ у м.Києві;2070944;КНУ ім.Тараса Шевченко;820019;ГУДКСУ у м.Києві;5466,7;#0301130##2240##За охорону приміщення .##згакт  7 від 16.11.15.##дог№Ш2/2015 від 06.11.15.##в.т.ч.ПДВ-911,12 #
11120625;25.12.2015;23696843;НАДУ при Президентові України;820019;ГУДКСУ у м.Києві;2070944;КНУ ім.Тараса Шевченко;820019;ГУДКСУ у м.Києві;5466,7;#0301130##2240##За охорону приміщення .##зг акт№12 від 21.12.15.##дог№Ш2/2015 від 06.11.15.##в.т.ч.ПДВ911,12 #
7108001;24.11.2015;23696843;НАДУ при Президентові України;820019;ГУДКСУ у м.Києві;2070944;КНУ ім.Тараса Шевченко;820019;ГУДКСУ у м.Києві;5466,7;#0301130##2240##За охорону приміщення .##зг акт 9 від 16.11.15.##дог№Ш2/2015 від 06.11.15.##в.т.ч.ПДВ-911,12 #
7104713;24.11.2015;23696843;НАДУ при Президентові України;820019;ГУДКСУ у м.Києві;2070944;КНУ ім.Тараса Шевченко;820019;ГУДКСУ у м.Києві;5466,7;#0301130##2240##За охорону приміщення .##зг акт 8 від 16.11.15.##дог№Ш2/2015 від 06.11.15.##в.т.ч.ПДВ-911,12 #
7508906;26.11.2015;23696843;НАДУ при Президентові України;820019;ГУДКСУ у м.Києві;2070944;КНУ ім.Тараса Шевченко;820019;ГУДКСУ у м.Києві;5466,7;#0301130##2240##За охорону приміщення .##зг акт 10 від 20.11.15.##дог№Ш2/2015 від 06.11.15.##в.т.ч.ПДВ-911,12 #
11122085;25.12.2015;23696843;НАДУ при Президентові України;820019;ГУДКСУ у м.Києві;2070944;КНУ ім.Тараса Шевченко;820019;ГУДКСУ у м.Києві;5466,68;#0301130##2240##За охорону приміщення .##зг акт №11 від 21.12.15.##дог№Ш2/2015 від 06.11.15.##в.т.ч.ПДВ-911,12 #
5697081;09.11.2015;39389301;"Український інститут нацпам""яті";820019;ГУДКСУ у м.Києві;2070944;КНУ імені Т. Шевченка;820019;ГУДКСУ у м.Києві;5445;#КПКВК1809020#,#КЕКВ2282-5445.00грн#,#Опл.посл. з харчув. #,#зг.дог№030/145від23.10.15, акт№6074від05.11.15#, #В т.ч. ПДВ - 907,50грн. #
11123503;25.12.2015;23696843;НАДУ при Президентові України;820019;ГУДКСУ у м.Києві;2070944;КНУ ім.Тараса Шевченко;820019;ГУДКСУ у м.Києві;5046,03;#0301130##2273##Відш витрат за пайов. участ за електроенергію ##зг акт №11 від 21.12.15.##дог№Ш2/2015 від 06.11.15.##в.т.ч.ПДВ-841,00 #
7511819;26.11.2015;23696843;НАДУ при Президентові України;820019;ГУДКСУ у м.Києві;2070944;КНУ ім.Тараса Шевченко;820019;ГУДКСУ у м.Києві;5046,01;#0301130##2273##Відш витрат за пайов. участ за електроенергію ##зг акт 10 від 20.11.15.##дог№Ш2/2015 від 06.11.15.##в.т.ч.ПДВ-841,00 #
11121040;25.12.2015;23696843;НАДУ при Президентові України;820019;ГУДКСУ у м.Києві;2070944;КНУ ім.Тараса Шевченко;820019;ГУДКСУ у м.Києві;5046,01;#0301130##2273##Відш витрат за пайов. участ за електроенергію ##зг акт№12 від 21.12.15.##дог№Ш2/2015 від 06.11.15.##в.т.ч.ПДВ-841,00 #
7107366;24.11.2015;23696843;НАДУ при Президентові України;820019;ГУДКСУ у м.Києві;2070944;КНУ ім.Тараса Шевченко;820019;ГУДКСУ у м.Києві;5046,01;#0301130##2273##Відш витрат за пайов. участ за електроенергію ##зг акт7 від 16.11.15.##дог№Ш2/2015 від 06.11.15.##в.т.ч.ПДВ- 841,00#
7106083;24.11.2015;23696843;НАДУ при Президентові України;820019;ГУДКСУ у м.Києві;2070944;КНУ ім.Тараса Шевченко;820019;ГУДКСУ у м.Києві;5046,01;#0301130##2273##Відш витрат за пайов. участ за електроенергію ##зг акт  9 від 16.11.15.##дог№Ш2/2015 від 06.11.15.##в.т.ч.ПДВ-841,00 #
7105526;24.11.2015;23696843;НАДУ при Президентові України;820019;ГУДКСУ у м.Києві;2070944;КНУ ім.Тараса Шевченко;820019;ГУДКСУ у м.Києві;5046,01;#0301130##2273##Відш витрат за пайов. участ за електроенергію ##зг акт 8 від 16.11.15.##дог№Ш2/2015 від 06.11.15.##в.т.ч.ПДВ-841,00 #
7876606;27.11.2015;21721086;Держатомрегулювання України;820172;ДКСУ;2070944;Київський нац. унiвер. iм. Т. Шевченка;820019;ГУДКСУ у м.Києві;4499,99;#5271010#, #2282#, #ост/оп.посл. з пiдвищ. квалiф.навч.з курсу радiац.безпеки#, #дог.87вiд15.10.15,акт1вiд 26.10.15,ККДБ25010100#,#Без ПДВ#
2656095;09.10.2015;2597232;КМБУ;820019;ГУДКСУ у м.Києві;2070944;КНУ iм.Т. Шевченка;820019;ГУДКСУ у м.Києві;4400;#070806#,#2240-4400,00#,#Опл.посл.доступ.до мереж.iнтернет#,#З-но дог№8 вiд 07.04.15р. та акту№2 вiд 07.10.15р#,#В т.ч. ПДВ -733,33#
9481221;15.12.2015;2597232;КМБУ;820019;ГУДКСУ у м.Києві;2070944;КНУ iм.Т. Шевченка;820019;ГУДКСУ у м.Києві;4400;#070806#,#2240-4400,00#,#Опл.посл.дост.до мереж.iнтерет.#,#З-но дог№8 вiд 07.04.15р та акту№3 вiд 11.12.15р#,#В т.ч. ПДВ-733,33#
2460032;07.10.2015;22994521;Військовий інститут КНУ імТ.Г.Шевченка;820019;ГУДКСУ у м.Києві;2070944;КНУ iм. Т. Шевченка;820019;ГУДКСУ у м.Києві;4341,12;#2101020/01#,#2240#,#4341,12#,#Оплата за прання бiлизни#,#дог.31 вiд 14.08.15р.#,#акт 5615 вiд 02.10.15р.#,# ПДВ-723,52#
6877029;20.11.2015;2070944;КНУ iм.Т.Шевченка;820019;ГУДКСУ у м.Києві;2070944;Київський нацiональний унiверситетiмен;820019;ГУДКСУ у м.Києві;4003,03;#xxxx.03#,#Перекид. зарах.коштiв 13.11.15 компенс.пiдпр.у межах серед.з/п призв.на вiйськ.службу за призов.пiд час мобiл.за сiчень-вересень xxxx#,#без ПДВ#
11860357;30.12.2015;37470057;УПСЗН Шевченківської РДА;820019;ГУДКСУ у м.Києві;2070944;Київ. нац. унiвер.iм. Тараса Шевченка;820019;ГУДКСУ у м.Києві;3871,14;#2501350#,#2800#,#Компен пiдпр уст орган у меж серед зароб прац призв на вiйськ служб за призов пiд час мобiл на ос пер за бер14р-листопад2015#,##,#без ПДВ#
7102980;24.11.2015;23696843;НАДУ при Президентові України;820019;ГУДКСУ у м.Києві;2070944;КНУ ім.Тараса Шевченко;820019;ГУДКСУ у м.Києві;3634,36;#0301130##2271##Відш витрат за пайов. участ за  теплова енергія##зг акт 9 від 16.11.15.##дог№Ш2/2015 від 06.11.15.##в.т.ч.ПДВ-605,73 #
5224660;03.11.2015;1132369;КЛК НАУ;831019;ГУДКСУ у Полтавській областi;2070944;КНУ iм.Т.Шевченка IПО;820019;ГУДКСУ у м.Києві;3000;#2201150#,#2282#,#орг-цiя провед.навч.з курсу .#,#р.№92 в02.11.15 акт в.р.б/н вiд 02.11.15 д.№0141/15з вiд 02.11.15#,# без ПДВ#
7103430;24.11.2015;5417213;ІФХ НАНУ;820019;ГУДКСУ у м.Києві;2070944;Київський нацiон.ун-т iм.Т.Г.Шевченка;820019;ГУДКСУ у м.Києві;3000;"#6541030#,#2281-3000,00#,#Органiз.та пров.навч.з курсуРадiац.безп.при зд.окр.вид.дiял.в сф.вик.яд.ене #,#зг. д.№97р 10.11.2015р.#,#Акт№1 20.11.2015р.#,#безПДВ#"""
7511299;26.11.2015;2012007;ДУ ІТО НАМН;820019;ГУДКСУ у м.Києві;2070944;КНУ IМЕНI ТАРАСА ШЕВЧЕНКА IПО;820019;ГУДКСУ у м.Києві;3000;#6561060#,#2282#,#ОРГАН ПРОВЕД НАВЧАН КУРСУ РАДIАЦ БЕЗП ЗДIЙСН ОК ВИД ДIЯЛЬН СФ ВИКОР ЯДЕРН ЕНЕРГII#,#ДОГ 15 ВIД 10.11.15Р АКТ 15 ВIД 10.11.15Р#,#БЕЗ ПДВ#
5969860;12.11.2015;1993612;Рожнятівська ЦРЛ;836014;ГУДКСУ в Iвано-Франкiвськiй області;2070944;Інститут післядипломної освіти Київськ;820019;ГУДКСУ у м.Києві;3000;"#080101б#.#2240#.#Організація та проведення навчання з курсу Радіаційна безпека при здійсненні окремих видів діяльності в сфері використання ядерної енергії""#."""
7106464;24.11.2015;34968768;ВДВС Дарницького РУЮ у м. Києвi;820019;ГУДКСУ у м.Києві;2070944;КНУ iм. Тараса Шевченка;820019;ГУДКСУ у м.Києві;2947,53;"пер.кош. згiдно роз. № xxxx/2 вiд 18.11.xxxx з ТОВ Укргеобуд СП"", наказ 910/xxxx/14 вiд 20.10.xxxx., Без ПДВ"""
10511738;23.12.2015;37470057;УПСЗН Шевченківської РДА;820019;ГУДКСУ у м.Києві;2070944;Київ. нац. унiвер.iм. Тараса Шевченка;820019;ГУДКСУ у м.Києві;2742,79;# 2501200 #, # 2730 #, # Вiдшкодування з держбюджету компенсацiї потерпiлим внаслiдок Чорноб. катастрофи за грудень 2015р. #, ##, ##
10511438;23.12.2015;2070944;Київський нац.універ-т ім.Т.Шевченка;820019;ГУДКСУ у м.Києві;2070944;Київський нацiональний унiверситетiмен;899998;;2514,12;*10102070944КПКВК 2201290 КЕКВ 2281-2514,12 ПДВ за Листопад 2014 року
3418097;20.10.2015;37841728;ГУ ДМС України в Донецькій області;834016;ГУДКСУ у Донецькiй областi;2070944;Київський національний університет іме;820019;ГУДКСУ у м.Києві;2490;#1004020#,#2282#,#За надання послуг підвищ.кваліфікац.держ.службовців #акт№1 вiд 15.10.2015р. Дог.№19/15/4152/182 вiд 12.10.2015р.#,#без ПДВ.#
6879666;20.11.2015;2070944;КНУ iм.Т.Шевченка;820019;ГУДКСУ у м.Києві;2070944;Київський нацiональний унiверситетiмен;820019;ГУДКСУ у м.Києві;2228,8;#xxxx.80#,#Перекид. зарах.коштiв 13.11.15 компенс.пiдпр.у межах серед.з/п призв.на вiйськ.службу за призов.пiд час мобiл.за сiчень-вересень xxxx#,#без ПДВ#
10514007;23.12.2015;2070944;Київський нац.універ-т ім.Т.Шевченка;820019;ГУДКСУ у м.Києві;2070944;Київський нацiональний унiверситетiмен;899998;;2154,34;*10102070944КПКВК 2201100 КЕКВ 2800-2154,34 ПДВ за Листопад 2015 року
3676129;21.10.2015;2070944;Київський нац.універ-т ім.Т.Шевченка;820019;ГУДКСУ у м.Києві;2070944;Київський нацiональний унiверситетiмен;899998;;2147,49;*10102070944КПКВК 2201290 КЕКВ 2281-2147,49 ПДВ за Вересень 2015 року
11123889;25.12.2015;23696843;НАДУ при Президентові України;820019;ГУДКСУ у м.Києві;2070944;КНУ ім.Тараса Шевченко;820019;ГУДКСУ у м.Києві;2100,96;#0301130##2272##Відш витрат за пайов. участ за водовід ##зг акт №11 від 21.12.15.##дог№Ш2/2015 від 06.11.15.##в.т.ч.ПДВ-350,16 #
8151571;30.11.2015;2070944;Київський нац.універ-т ім.Т.Шевченка;820019;ГУДКСУ у м.Києві;2070944;Київський нацiональний унiверситетiмен;820019;ГУДКСУ у м.Києві;2100;#xxxx#,#xxxx-xxxx#,#Утрим.iз з-ти за навч.Пазюк С. П. за 11.15р.зг.дог.№xxxx вiд 17.08.15р.#,# без ПДВ #
11203739;28.12.2015;2070944;Київський нац.універ-т ім.Т.Шевченка;820019;ГУДКСУ у м.Києві;2070944;Київський нацiональний унiверситетiмен;820019;ГУДКСУ у м.Києві;2100;#xxxx#,#xxxx-xxxx#,#Утрим.iз з-ти за навч.Пазюк С. П. за 12.15р.зг.дог.№xxxx вiд 17.08.15р.#,# без ПДВ #
5143727;30.10.2015;2070944;Київський нац.універ-т ім.Т.Шевченка;820019;ГУДКСУ у м.Києві;2070944;Київський нацiональний унiверситетiмен;820019;ГУДКСУ у м.Києві;2100;#xxxx#,#xxxx-xxxx#,#Утрим.iз з-ти за навч.Пазюк С. П. за 10.15р.зг.дог.№xxxx вiд 17.08.15р.#,# без ПДВ #
11677811;29.12.2015;2597232;КМБУ;820019;ГУДКСУ у м.Києві;2070944;КНУ iм.Т. Шевченка;820019;ГУДКСУ у м.Києві;2050;#070806#,#2240-2050,00#,#Опл.посл.зв'язку за 12.15р#,#З-но дог№303 вiд 01.11.05р та акту№541 вiд 24.12.15р#,#В т.ч. ПДВ-341,67#
7107767;24.11.2015;23696843;НАДУ при Президентові України;820019;ГУДКСУ у м.Києві;2070944;КНУ ім.Тараса Шевченко;820019;ГУДКСУ у м.Києві;1903,94;#0301130##2272##Відш витрат за пайов. участ за водовід та водопостач ##зг акт 7  від 16.11.15.##дог№Ш2/2015 від 06.11.15.##в.т.ч.ПДВ- 317,32#
8158798;30.11.2015;37768863;ГУ ДМС України в м. Києві;820019;ГУДКСУ у м.Києві;2070944;КНУ ім Т.Шевченка;820019;ГУДКСУ у м.Києві;1850;#1004020#,#2282#,#Оплата за надання послуг з підвищення кваліфікації держслужбовців#,# зг.Договора № 30/15/Н163від16.10.2015 зг.акта №2 від16.10.2015#,#без ПДВ#
3673787;21.10.2015;2070944;КНУ iм.Т.Шевченка;820019;ГУДКСУ у м.Києві;2070944;Київський нацiональний унiверситетiмен;820019;ГУДКСУ у м.Києві;1813,05;#xxxx.05#,#Перекид. зарах.коштiв 13.10.15 компенс.пiдпр.у межах серед.з/п призв.на вiйськ.службу за призов.пiд час мобiл.за сiчень-серпень xxxx#,#без ПДВ#
11192173;28.12.2015;2070944;Київський нац.універ-т ім.Т.Шевченка;820019;ГУДКСУ у м.Києві;2070944;Київський нацiональний унiверситетiмен;820019;ГУДКСУ у м.Києві;1802,27;#2201280#,#2282-1802.27#,# Перерах. утрим.iз з-ти за електроенергiю зг. заяви для вiдновлення касових видаткiв за 11.15р. спiвроб.КНУ #,# без ПДВ #
11201718;28.12.2015;2070944;Київський нац.універ-т ім.Т.Шевченка;820019;ГУДКСУ у м.Києві;2070944;Київський нацiональний унiверситетiмен;820019;ГУДКСУ у м.Києві;1714,62;#2201290#,#2281-1714.62#,# перерах.безпроцентна позика утрим. iз з-ти за  12.15р. спiвроб.КНУ #,# без ПДВ #
11331495;28.12.2015;37851432;УДМС України в Луганській області;804013;ГУДКСУ у Луганській області;2070944;Київський нац.унiверсiтет iм.Тараса Ше;820019;ГУДКСУ у м.Києві;1660;#1004020#,#2282#,#Оплата за надання послуг з пiдвищення квалiфiкацiї#,#дог№22/15/Н155вiд12.12.2015,Акт№22/15/Н155 вiд12.12.2015 #,#без ПДВ#
3836876;23.10.2015;37806243;ГУ ДМС України в Дніпропетровській обл;805012;ГУДКСУ у Дніпропетровській області;2070944;КНУ ім.Тараса Шевченка;820019;ГУДКСУ у м.Києві;1660;#1004020#2282#1660,00#оплата за підвищ кваліфік держ службовців#дог №18/15/Н151 від 05.10.2015р,акт від 16.10.2015р.#без ПДВ#
8153394;30.11.2015;2070944;Київський нац.універ-т ім.Т.Шевченка;820019;ГУДКСУ у м.Києві;2070944;Київський нацiональний унiверситетiмен;820019;ГУДКСУ у м.Києві;1620;#2201290#,#2281-1620#,# утрим. iз з-ти за  за проживання i комунальнi послуги  спiвроб.КНУ 11.15р. спiвроб.КНУ #,# без ПДВ #
11191919;28.12.2015;2070944;Київський нац.універ-т ім.Т.Шевченка;820019;ГУДКСУ у м.Києві;2070944;Київський нацiональний унiверситетiмен;820019;ГУДКСУ у м.Києві;1620;#2201290#,#2281-1620#,# утрим. iз з-ти за  за проживання i комунальнi послуги  спiвроб.КНУ 12.15р.  #,# без ПДВ #
5132386;30.10.2015;2070944;Київський нац.універ-т ім.Т.Шевченка;820019;ГУДКСУ у м.Києві;2070944;Київський нацiональний унiверситетiмен;820019;ГУДКСУ у м.Києві;1620;#2201290#,#2281-1620#,# утрим. iз з-ти за  за проживання i комунальнi послуги  спiвроб.КНУ 10.15р. спiвроб.КНУ #,# без ПДВ #
11118094;25.12.2015;23696843;НАДУ при Президентові України;820019;ГУДКСУ у м.Києві;2070944;КНУ ім.Тараса Шевченко;820019;ГУДКСУ у м.Києві;1514,04;#0301130##2272##Відш витрат за пайов. участ за водовід ##зг акт №12 від 21.12.15.##дог№Ш2/2015 від 06.11.15.##в.т.ч.ПДВ- 252,34#
7230491;25.11.2015;36338715;Монастириське РТМО;838012;ГУДКСУ у Тернопільській областi;2070944;Київський нац.ун.iм.Тараса шевченка iн;820019;ГУДКСУ у м.Києві;1500;#080102#,#2240-1500,00#,#опл.за посл.порадiол.зг.акт.103 вiд 20,11,15 дог.103 вiд 20,11,15#,#без ПДВ#
7440528;26.11.2015;5399225;Інститут прикладної фізики НАН України;837013;ГУДКСУ у Сумській області;2070944;"КНУ iм. Тараса Шевченко""";820019;ГУДКСУ у м.Києві;1500;"#xxxx#,#xxxx#,#Опл за навчання з курсуРад.безп. при зд. окр. видiв дiял.яд.ен""з видач.посвiдчення#,#зг. дог. №149 вiд 16.11.15р.акт№1 вiд 20.11.15#,#БезПДВ#"""
4760680;29.10.2015;2000334;"КУ ""Сумська МДКЛ Св.Зінаїди""";837013;ГУДКСУ у Сумській області;2070944;Київський нац.унiвер. iм.Т.Шевченка;820019;ГУДКСУ у м.Києві;1500;"#080101#,#2282#,#Опл.за навч.з курсуРадiац.безп.в сфер.ядер.енергiї""з видач.посвiдч.встан.зраз.#,#зг.дог.125 19.10.15.,акт в/р1 19.10.15#,#Без ПДВ#."""
7255767;25.11.2015;2004261;"Санаторій ""Світанок""";815013;ГУДКСУ у Хмельницькiй областi;2070944;Київський нац.унів.ім.Тараса Шевченка;820019;ГУДКСУ у м.Києві;1500;#080204#,#2282-1500,00#,#суб.пост№11від23.01.15рорган.тапров.навч.зкур.Рад.без.призд.окр.вид.діял.вик.яд.енер.#,#актнад.пос.б/н20.11.15дог№11716.11.15#,#безПДВ#
4257563;27.10.2015;33982708;"Поліклініка ""Північна"" Рівненської МР";833017;ГУДКСУ у Рiвненськiй областi;2070944;Київський нацiональний унiверситет iм.;820019;ГУДКСУ у м.Києві;1500;#080300#,#2282-1500,00#,#за навчання з радiацiйної бепеки з видачею посвiдчення#,#зг.дог.75/15 вiд 19.10.2015 та акту 15 вiд 23.10.15#,#без ПДВ#
4235449;27.10.2015;37811384;ГУ ДМС України в Од.обл.;828011;ГУДКСУ в Одеській області;2070944;Київськи національний університет імен;820019;ГУДКСУ у м.Києві;1500;#1004020#,#2282#за послуги навч. держслужбовців за жовтень 2015#,#зг.дог. від 05.10.2015  № 23/15-4156 акту №1 від 10.10.2015.#,#Без ПДВ#
7102280;24.11.2015;23696843;НАДУ при Президентові України;820019;ГУДКСУ у м.Києві;2070944;КНУ ім.Тараса Шевченко;820019;ГУДКСУ у м.Києві;1455,46;#0301130##2272##Відш витрат за пайов. участ за водовід та водопостач ##зг акт  9 від 16.11.15.##дог№Ш2/2015 від 06.11.15.##в.т.ч.ПДВ- 242,58#
9786454;17.12.2015;2597232;КМБУ;820019;ГУДКСУ у м.Києві;2070944;КНУ iм.Т. Шевченка;820019;ГУДКСУ у м.Києві;1426;#070806#,#2240-1426,00#,#Опл.пол.зв'язку за 12.15р#,#З-но дог№303 вiд 01.11.05р та акту№542 вiд 14.12.15р#,#В т.ч. ПДВ-237,67#
7511378;26.11.2015;23696843;НАДУ при Президентові України;820019;ГУДКСУ у м.Києві;2070944;КНУ ім.Тараса Шевченко;820019;ГУДКСУ у м.Києві;1291,58;#0301130##2272##Відш витрат за пайов. участ за водовід ##зг акт  10 від 20.11.15.##дог№Ш2/2015 від 06.11.15.##в.т.ч.ПДВ-215,26 #
8149285;30.11.2015;2070944;Київський нац.універ-т ім.Т.Шевченка;820019;ГУДКСУ у м.Києві;2070944;Київський нацiональний унiверситетiмен;820019;ГУДКСУ у м.Києві;1286,76;#2201280#,#2282-1286.76#,# Перерах. утрим.iз з-ти за електроенергiю зг. заяви для вiдновлення касових видаткiв за 10.15р. спiвроб.КНУ #,# без ПДВ #
5134429;30.10.2015;2070944;Київський нац.універ-т ім.Т.Шевченка;820019;ГУДКСУ у м.Києві;2070944;Київський нацiональний унiверситетiмен;820019;ГУДКСУ у м.Києві;1215,02;#2201290#,#2281-1215.02#,# перерах.безпроцентна позика утрим. iз з-ти за  10.15р. спiвроб.КНУ зг. заяв #,# без ПДВ #
8147062;30.11.2015;2070944;Київський нац.універ-т ім.Т.Шевченка;820019;ГУДКСУ у м.Києві;2070944;Київський нацiональний унiверситетiмен;820019;ГУДКСУ у м.Києві;1214,62;#2201290#,#2281-1214.62#,# перерах.безпроцентна позика утрим. iз з-ти за  11.15р. спiвроб.КНУ #,# без ПДВ #
7105470;24.11.2015;23696843;НАДУ при Президентові України;820019;ГУДКСУ у м.Києві;2070944;КНУ ім.Тараса Шевченко;820019;ГУДКСУ у м.Києві;1202,83;#0301130##2272##Відш витрат за пайов. участ за водовідта водопост. ##зг акт 8 від 16.11.15.##дог№Ш2/2015 від 06.11.15.##в.т.ч.ПДВ-200,47 #
6807934;20.11.2015;38435613;"ДУ ""Кіровоградський ОЛЦ ДСЕСУ""";823016;ГУДКСУ у Кіровоградській області;2070944;КНУ iм.Тараса Шевченка;820019;ГУДКСУ у м.Києві;1140;#2304020#,#2282#,#за навчання,Кiровоград.ОЛЦ#,#договiр №333 вiд 16.11.15р., акт №333/1 вiд 20.11.15р.#,#без ПДВ#
5144927;30.10.2015;2070944;Київський нац.універ-т ім.Т.Шевченка;820019;ГУДКСУ у м.Києві;2070944;Київський нацiональний унiверситетiмен;820019;ГУДКСУ у м.Києві;1123,3;#2201280#,#2282-1123.3#,# Перерах. утрим.iз з-ти за електроенергiю зг. заяви для вiдновлення касових видаткiв за 09.15р. спiвроб.КНУ #,# без ПДВ #
9960342;18.12.2015;23696843;НАДУ при Президентові України;820019;ГУДКСУ у м.Києві;2070944;КНУ ім.Тараса Шевченко;820019;ГУДКСУ у м.Києві;966,38;#0301130##2240##За телефон розмови 11.15.##зг  рах акт № 541 від 14.12.15.##в.т.ч.ПДВ- 161,06#
6878414;20.11.2015;2070944;КНУ iм.Т.Шевченка;820019;ГУДКСУ у м.Києві;2070944;Київський нацiональний унiверситетiмен;820019;ГУДКСУ у м.Києві;927,61;#927.61#,#Перекид. зарах.коштiв 13.11.15 компенс.пiдпр.у межах серед.з/п призв.на вiйськ.службу за призов.пiд час мобiл.за сiчень-вересень xxxx#,#без ПДВ#
6646896;18.11.2015;2597232;КМБУ;820019;ГУДКСУ у м.Києві;2070944;КНУ iм.Т. Шевченка;820019;ГУДКСУ у м.Києві;910,48;#070806#,#2240-910,48#,#Опл. посл.зв'язку за 10.15р#,#З-но дог№303 вiд 01.11.05р та акту №522 вiд 11.11.15р#,#В т.ч. ПДВ-151,75#
4462766;28.10.2015;37829784;УДМС України в Рівненській області;833017;ГУДКСУ у Рiвненськiй областi;2070944;Київський нац. ун. iм. Тараса Шевченка;820019;ГУДКСУ у м.Києві;830;#1004020#,#2282-830,00#,# оплата за пiдвищення квалiфiкацiї працiвникiв з отрим. посвiдчення#,#акт №1 вiд 28.10.15, дог. №24/15/Н/157/89 вiд 28.10.15#,#без ПДВ#
3457868;20.10.2015;37834773;УДМС України в Запорізькій області;813015;ГУДКСУ у Запорiзькiй областi;2070944;Київськ.нац.унiвер.iм.Т.Шевченка;820019;ГУДКСУ у м.Києві;830;#1004020#,#2282#,#за послуги з пiдвищ.квалiфiк.держ.служб.#,# дог.вiд 05.10.15р.№ 21/15/Н 154, акт вiд 19.10.15р.№ 1#,#без ПДВ #
4755095;29.10.2015;37846270;УДМС України в Сумській області;837013;ГУДКСУ у Сумській області;2070944;Київський НУ iм.Т.Г.Шевченка;820019;ГУДКСУ у м.Києві;830;#1004020#,#2282#,#*25010100пiдвищ.квалiфiк.держ.служб.в жовтнi 2015р з наданням Свiдоцтва,затв.КМУ#,#акт 1 вiд 23.10.15,дог.25/15/Н158 вiд 23.10.15#,#без ПДВ#
3373679;19.10.2015;37839038;УДМС України в Тернопільській області;838012;ГУДКСУ у Тернопільській областi;2070944;Київський національний університет іме;820019;ГУДКСУ у м.Києві;820;#1004020#,#2282-820,00#,#за навчання#,#згідно акт вик.робіт№б/н від 12.10.2015, договір №26/15/Н159 07.10.2015#,#без ПДВ#
3261214;16.10.2015;37852733;УДМС України в Черкаській області;854018;ГУДКСУ у Черкаськiй областi;2070944;Київський національний університет ім.;820019;ГУДКСУ у м.Києві;800;#1004020#,#2282#,#За послуги з навчання держ служб акт вик роб№б/н від 15,10,2015 дог№28/15/Н161 від 15,10,2015#,#безПДВ#
3991300;23.10.2015;2597232;КМБУ;820019;ГУДКСУ у м.Києві;2070944;КНУ iм.Т. Шевченка;820019;ГУДКСУ у м.Києві;795,4;#070806#,#2240-795,40#,#Опл.посл.зв'язку за 09.15р#,#З-но дог№303 вiд 01.11.05р та акту№508 вiд 19.10.15р#,#В т.ч. ПДВ-132,57#
8277281;02.12.2015;3056656;"ДП ""Укртехінформ""";820019;ГУДКСУ у м.Києві;2070944;Київський нацiональний унiверситет iм.;820019;ГУДКСУ у м.Києві;791,95;#2201380#,#2282=791,95#,#за послуг.громадс.харчуван. зг.дог.№ 030/152 вiд 24.11.2015, акт № 1 вiд 27.11.2015#,##,#в т.ч.ПДВ-131,99#
7510657;26.11.2015;23696843;НАДУ при Президентові України;820019;ГУДКСУ у м.Києві;2070944;КНУ ім.Тараса Шевченко;820019;ГУДКСУ у м.Києві;653,72;#0301130##2240##Відш витр за пайов. участ за дер дез вивіз сміт,ліфт##зг акт  10 від 20.11.15.##дог№Ш2/2015 від 06.11.15.##в.т.ч.ПДВ- 108,95#
11122614;25.12.2015;23696843;НАДУ при Президентові України;820019;ГУДКСУ у м.Києві;2070944;КНУ ім.Тараса Шевченко;820019;ГУДКСУ у м.Києві;653,72;#0301130##2240##Відш витр за пайов. участ за дер дез вивіз сміт,ліфт##зг акт№12 від 21.12.15.##дог№Ш2/2015 від 06.11.15.##в.т.ч.ПДВ-108,95 #
11118033;25.12.2015;23696843;НАДУ при Президентові України;820019;ГУДКСУ у м.Києві;2070944;КНУ ім.Тараса Шевченко;820019;ГУДКСУ у м.Києві;653,72;#0301130##2240##Відш витр за пайов. участ за дер дез вивіз сміт,ліфт##зг акт№11 від 21.12.15.##дог№Ш2/2015 від 06.11.15.##в.т.ч.ПДВ-108,95 #
7102392;24.11.2015;23696843;НАДУ при Президентові України;820019;ГУДКСУ у м.Києві;2070944;КНУ ім.Тараса Шевченко;820019;ГУДКСУ у м.Києві;653,72;#0301130##2240##Відш вит за пайов. учза дер дез.вив сміт. ліфт##зг акт №7 від 16.11.15.##дог№Ш2/2015 від 06.11.15.##в.т.ч.ПДВ- 108,95#
7106190;24.11.2015;23696843;НАДУ при Президентові України;820019;ГУДКСУ у м.Києві;2070944;КНУ ім.Тараса Шевченко;820019;ГУДКСУ у м.Києві;653,72;#0301130##2240##Відш витр за пайов. участ за дер дез вивіз сміт,ліфт##зг акт 8 від 16.11.15.##дог№Ш2/2015 від 06.11.15.##в.т.ч.ПДВ-108,95 #
7105422;24.11.2015;23696843;НАДУ при Президентові України;820019;ГУДКСУ у м.Києві;2070944;КНУ ім.Тараса Шевченко;820019;ГУДКСУ у м.Києві;653,72;#0301130##2240##Відш витр за пайов. участ за дер дез вивіз сміт,ліфт##зг акт 9 від 05.11.15.##дог№Ш2/2015 від 06.11.15.##в.т.ч.ПДВ-108,95 #
3545459;20.10.2015;37768863;ГУ ДМС України в м. Києві;820019;ГУДКСУ у м.Києві;2070944;КНУ ім Т.Шевченка;820019;ГУДКСУ у м.Києві;640;#1004020#,#2282#,#Оплата за надання послуг з підвищення кваліфікації держслужбовців#,# зг.Договора № 30/15/Н163від16.10.2015 зг.акта №2 від16.10.2015#,#без ПДВ#
3852967;23.10.2015;37809328;ГУ ДМС України в Закарпатській області;812016;ГУДКСУ у Закарпатській областi;2070944;Київський національний у-т ім.Т.Шевчен;820019;ГУДКСУ у м.Києві;600;#1004020#,#2282#,#Опл. за навчання зг.дог.№20/15/Н153 від05.10.2015 р, акт №б/н від 22.10.2015р.#,#без ПДВ#
8900417;10.12.2015;2071180;"НТУ ""ХПІ""";851011;ГУДКСУ у Харківській області;2070944;КИ·ВСЬКИЙ НАЦ.УНIВЕРСИТЕТ IМ.Т.ШЕВЧЕНК;820019;ГУДКСУ у м.Києві;564,37;"#2201160#,#2282#,# відшкодування експлуатаційних витрат за жовтень 2015р.#,# акт 18 від 20.11.2015р.,уг 116-О"" від 28.04.2015р.#,#б/пдв#"""
3798315;22.10.2015;37864148;УДМС України в Хмельницькій області;815013;ГУДКСУ у Хмельницькiй областi;2070944;Київський нац. унiвер. iм.Т.Шевченка;820019;ГУДКСУ у м.Києві;537,7;#1004020#,#2282#,#опл.за посл.з пiдвищ.квалiф.держ.службовцiв#,#акт.№1-КНУ вiд19.10.15р.,дог.№27/15/Н160 вiд19.10.15р.#,#без ПДВ#
10154740;22.12.2015;34968768;ВДВС Дарницького РУЮ у м. Києвi;820019;ГУДКСУ у м.Києві;2070944;КНУ iм. Тараса Шевченка;820019;ГУДКСУ у м.Києві;500;пер.кош. згiдно роз. № xxxx/5 вiд 10.11.xxxx з Велебник О.Г. в/л xxxx/xxxx/12  вiд 10.12.xxxx., Без ПДВ
5870471;11.11.2015;37811384;ГУ ДМС України в Од.обл.;828011;ГУДКСУ в Одеській області;2070944;Київськи національний університет імен;820019;ГУДКСУ у м.Києві;500;#1004020#,#2282#ЧО за консульт.послуги навч. за жовтень 2015.#,#зг.дог. від 05.10.2015  № 23/15/4156 акту №1від 10.11.2015#,#Без ПДВ#
8885749;10.12.2015;37811384;ГУ ДМС України в Од.обл.;828011;ГУДКСУ в Одеській області;2070944;Київськи національний університет імен;820019;ГУДКСУ у м.Києві;490;#1004020#,#2282#,#ЧО за консульт.послуги навч.за жовтень2015#,#зг.дог.від 05.10.2015 №23/15/4156 акту №1 від 10.11.2015#,#Без ПДВ#
9302598;14.12.2015;22994521;Військовий інститут КНУ імТ.Г.Шевченка;820019;ГУДКСУ у м.Києві;2070944;КНУ iм. Т. Шевченка;820019;ГУДКСУ у м.Києві;418,08;#2101020/01#,#2240#,#418,08#,#Оплата за тимчасове проживання слухачiв курсiв пере-ки#,#дог.56 вiд 30.11.15р.#,#акт 2/56 вiд 08.12.15р.#,#В т.ч. ПДВ-69,68#
2295213;05.10.2015;2070944;КНУ iм.Т.Шевченка;820019;ГУДКСУ у м.Києві;2070944;Київський нацiональний унiверситетiмен;820019;ГУДКСУ у м.Києві;409,83;#Перерах. утрим. iз лiкарнянихза проживання i комунальнi послуги за 09.15р. спiвроб.КНУ #,# без ПДВ #
6646274;18.11.2015;23696843;НАДУ при Президентові України;820019;ГУДКСУ у м.Києві;2070944;КНУ ім.Тараса Шевченко;820019;ГУДКСУ у м.Києві;385,91;#0301130##2240##За телефон розмови  10.15.##зг  рах акт № 521 від 11.11.15.##в.т.ч.ПДВ-64,32 #
6807690;20.11.2015;38435613;"ДУ ""Кіровоградський ОЛЦ ДСЕСУ""";823016;ГУДКСУ у Кіровоградській області;2070944;КНУ iм.Тараса Шевченка;820019;ГУДКСУ у м.Києві;360;#2304020#,#2282#,#оплата за навчання,Кiровоград.ОЛЦ#,#договiр №333 вiд 16.11.15р., акт №333/1 вiд 20.11.15р.#,#без ПДВ#
5146597;30.10.2015;23696843;НАДУ при Президентові України;820019;ГУДКСУ у м.Києві;2070944;КНУ ім.Тараса Шевченко;820019;ГУДКСУ у м.Києві;325,89;#0301130##2240##За телефон розмови  09.15.##зг  рах акт № 499 від 19.10.15.##в.т.ч.ПДВ-54,32 #
6902068;23.11.2015;37809328;ГУ ДМС України в Закарпатській області;812016;ГУДКСУ у Закарпатській областi;2070944;Київський національний у-т ім.Т.Шевчен;820019;ГУДКСУ у м.Києві;230;#1004020#,#2282#,#Опл. за навчання зг.дог.№20/15/Н153 від05.10.2015 р, акт №б/н від 22.10.2015р.#,#без ПДВ#
8643249;08.12.2015;2071180;"НТУ ""ХПІ""";851011;ГУДКСУ у Харківській області;2070944;КИ·ВСЬКИЙ НАЦ.УНIВЕРСИТЕТ IМ.Т.ШЕВЧЕНК;820019;ГУДКСУ у м.Києві;208,78;"#2201160#,#2282#,#за відшкод.комунальн.послуг (ел.енергія)за жовтень 2015р #,#акт 20 від 20.11.15 уг 116-О"" від 28.04.15р.,#,#б/пдв#"""
6965247;23.11.2015;2071180;"НТУ ""ХПІ""";851011;ГУДКСУ у Харківській області;2070944;КИ·ВСЬКИЙ НАЦ.УНIВЕРСИТЕТ IМ.Т.ШЕВЧЕНК;820019;ГУДКСУ у м.Києві;208,78;"#2201160#,#2282#,#за відшкод.комунальн.послуг (ел.енергія)за вересень 2015р #,#акт 16 від 20.10.15 уг 116-О"" від 28.04.15р.,#,#б/пдв#"""
9089166;11.12.2015;37864148;УДМС України в Хмельницькій області;815013;ГУДКСУ у Хмельницькiй областi;2070944;Київський нац. унiвер. iм.Т.Шевченка;820019;ГУДКСУ у м.Києві;192,3;#1004020#,#2282#,#опл.за посл.з пiдвищ.квалiф.держ.службовцiв#,#акт.№1-КНУ вiд19.10.15р.,дог.№27/15/Н160 вiд19.10.15р.#,#без ПДВ#
3671800;21.10.2015;2070944;Київський нац.універ-т ім.Т.Шевченка;820019;ГУДКСУ у м.Києві;2070944;Київський нацiональний унiверситетiмен;820019;ГУДКСУ у м.Києві;175,46;#2201280#,#2282-175.46#,#вiдшкод.за електроенергiю за 09.15р.#,#№заявка №С-148 вiд 20.10.15#,#стип.студ#,# без ПДВ#
2927986;13.10.2015;37470057;УПСЗН Шевченківської РДА;820019;ГУДКСУ у м.Києві;2070944;КНУ iменi Тараса Шевченка;820019;ГУДКСУ у м.Києві;167,58;#090201#,#2730#,#Субв.з держ.бюд.пог.кр.заб.по кв.пл.по пiл.ВВВ. за пот.2015р.зг.ПКМУ вiд 11.01.05.№20#,#р.№153 вiд 01.10.15р#,#ПДВ-27,93грн#
7103110;24.11.2015;23696843;НАДУ при Президентові України;820019;ГУДКСУ у м.Києві;2070944;КНУ ім.Тараса Шевченко;820019;ГУДКСУ у м.Києві;133,67;#0301130##2271##Відш витрат за пайов. участ за  теплова енергія##зг  акт 8 від 16.11.15.##дог№Ш2/2015 від 06.11.15.##в.т.ч.ПДВ-22,28 #
3674858;21.10.2015;2070944;Київський нац.універ-т ім.Т.Шевченка;820019;ГУДКСУ у м.Києві;2070944;Київський нацiональний унiверситетiмен;820019;ГУДКСУ у м.Києві;112,54;#2201280#,#2282-112.54#,#утрим.за проживання за 09.15р.#,#№заявка №С-148 вiд 20.10.15#,#стип.студ.#,# без ПДВ#
10508438;23.12.2015;2070944;Київський нац.універ-т ім.Т.Шевченка;820019;ГУДКСУ у м.Києві;2070944;Київський нацiональний унiверситетiмен;820019;ГУДКСУ у м.Києві;110,35;#2201280#,#2282-110.35#,#Вiдшкод.за електроенерг.за 11.15р.#,#№зачвка№С-206 вiд 22.12.15#,#утрим.зi стип.аспiр.та доктор. #,# без ПДВ#
6964658;23.11.2015;2071180;"НТУ ""ХПІ""";851011;ГУДКСУ у Харківській області;2070944;КИ·ВСЬКИЙ НАЦ.УНIВЕРСИТЕТ IМ.Т.ШЕВЧЕНК;820019;ГУДКСУ у м.Києві;104,12;"#2201160#,#2282#,#за відшкод.комунальн.послуг (водопост.та водовідвед.)за вересень 2015р#,#акт 17 від 20.10.15 уг 116-О"" від 28.04.14р.,#,#б/пдв#"""
8641445;08.12.2015;2071180;"НТУ ""ХПІ""";851011;ГУДКСУ у Харківській області;2070944;КИ·ВСЬКИЙ НАЦ.УНIВЕРСИТЕТ IМ.Т.ШЕВЧЕНК;820019;ГУДКСУ у м.Києві;104,12;"#2201160#,#2282#,#за відшкод.комунальн.послуг (водопост.та водовідвед.)за жовтень 2015р#,#акт 21 від 20.11.15 уг 116-О"" від 28.04.14р.,#,#б/пдв#"""
6055775;12.11.2015;37864148;УДМС України в Хмельницькій області;815013;ГУДКСУ у Хмельницькiй областi;2070944;Київський нац. унiвер. iм.Т.Шевченка;820019;ГУДКСУ у м.Києві;100;#1004020#,#2282#,#опл.за посл.з пiдвищ.квалiф.держ.службовцiв#,#акт.№1-КНУ вiд19.10.15р.,дог.№27/15/Н160 вiд19.10.15р.#,#без ПДВ#
7273269;25.11.2015;2070944;Київський нац.універ-т ім.Т.Шевченка;820019;ГУДКСУ у м.Києві;2070944;Київський нацiональний унiверситетiмен;820019;ГУДКСУ у м.Києві;80,26;#2201280#,#2282-80.26#,#Вiдшкод.за електроенергiю за 10.15р.#,#№заявка №С-182 вiд 24.11.15#,#стип.аспiр.та доктор.#,# без ПДВ#
3995774;23.10.2015;2070944;Київський нац.універ-т ім.Т.Шевченка;820019;ГУДКСУ у м.Києві;2070944;Київський нацiональний унiверситетiмен;820019;ГУДКСУ у м.Києві;69,66;#2201280#,#2282-69.66#,#вiдшкод.за електороенергiю за 09.15р.#,#№заявка №С-153 вiд 22.10.15#,#стип.аспiр.та доктор. #,# без ПДВ#
8639560;08.12.2015;2071180;"НТУ ""ХПІ""";851011;ГУДКСУ у Харківській області;2070944;КИ·ВСЬКИЙ НАЦ.УНIВЕРСИТЕТ IМ.Т.ШЕВЧЕНК;820019;ГУДКСУ у м.Києві;62,34;"#2201160#,#2282#,# за відшкодування комунальних послуг (санітарна обробка)за жовтень 2015р.#,# акт 19 від 20.11.2015 уг 116-О"" від 28.04.2015р.#,#б/пдв#"""
6963245;23.11.2015;2071180;"НТУ ""ХПІ""";851011;ГУДКСУ у Харківській області;2070944;КИ·ВСЬКИЙ НАЦ.УНIВЕРСИТЕТ IМ.Т.ШЕВЧЕНК;820019;ГУДКСУ у м.Києві;62,34;"#2201160#,#2282#,# за відшкодування комунальних послуг (санітарна обробка)за вересень 2015р.#,# акт 15 від 20.10.2015 уг 116-О"" від 28.04.2015р.#,#б/пдв#"""
11201837;28.12.2015;2070944;Київський нац.універ-т ім.Т.Шевченка;820019;ГУДКСУ у м.Києві;2070944;Київський нацiональний унiверситетiмен;820019;ГУДКСУ у м.Києві;45,6;#2201290#,#2281-45.6#,# утрим iз з-ти зг.заяви для вiдновлення касових видаткiв 11.15р. спiвроб.КНУ #,# без ПДВ #
8146907;30.11.2015;2070944;Київський нац.універ-т ім.Т.Шевченка;820019;ГУДКСУ у м.Києві;2070944;Київський нацiональний унiверситетiмен;820019;ГУДКСУ у м.Києві;39,22;#2201290#,#2281-39.22#,# утрим iз з-ти зг.заяви для вiдновлення касових видаткiв за 11.15р. спiвроб.КНУ #,# без ПДВ #
5137148;30.10.2015;2070944;Київський нац.універ-т ім.Т.Шевченка;820019;ГУДКСУ у м.Києві;2070944;Київський нацiональний унiверситетiмен;820019;ГУДКСУ у м.Києві;30,55;#2201290#,#2281-30.55#,# утрим iз з-ти зг.заяви для вiдновлення касових видаткiв за 09.15р. спiвроб.КНУ #,# без ПДВ #
5909155;11.11.2015;37852733;УДМС України в Черкаській області;854018;ГУДКСУ у Черкаськiй областi;2070944;Київський національний університет ім.;820019;ГУДКСУ у м.Києві;30;#1004020#,#2282#,#За послуги з підвищення кваліфікації держ.службовців#,#акт вик.роб. № б/н    від 15.10.2015р.,дог. №28/15/Н161 від 15.10.2015р.#,#без ПДВ#.
3878752;23.10.2015;20591492;УСЗН Києво-Святошинської РДА;821018;ГУДКСУ у Київській області;2070944;КНУ iм.Тараса Шевченка;820019;ГУДКСУ у м.Києві;27,55;#90201#,#2730#,#Пiльги ВВВ на ЖКП#,# Згiдно акту звiрки станом на 01.10.2015р. 2240#,#Без ПДВ#
2549919;08.10.2015;2070944;КНУ iм.Т.Шевченка;820019;ГУДКСУ у м.Києві;2070944;Київський нацiональний унiверситетiмен;820019;ГУДКСУ у м.Києві;16,47;#Перерах. утрим. iз лiкарняних за електроенергiю зг. заяви для вiдновлення касових видаткiв за 09.15р. спiвроб.КНУ #,# без ПДВ #
3949881;23.10.2015;37839038;УДМС України в Тернопільській області;838012;ГУДКСУ у Тернопільській областi;2070944;Київський національний університет іме;820019;ГУДКСУ у м.Києві;10;#1004020#,#2282-10,00#,#за навчання#,#згідно акт вик.робіт№б/н від 12.10.2015, договір №26/15/Н159 07.10.2015#,#без ПДВ#
